From	Entry	Entry Name
ENSG00000123268	P18846	ATF1_HUMAN
ENSG00000134595	P41225	SOX3_HUMAN
ENSG00000269404	Q01892	SPIB_HUMAN
ENSG00000177842	Q6ZNG0	ZN620_HUMAN
ENSG00000256294	Q9UK10	ZN225_HUMAN
ENSG00000128714	P35453	HXD13_HUMAN
ENSG00000126368	P20393	NR1D1_HUMAN
ENSG00000198815	Q9UPW0	FOXJ3_HUMAN
ENSG00000132846	Q96IU2	ZBED3_HUMAN
ENSG00000161940	Q8N143	BCL6B_HUMAN
ENSG00000164107	P61296	HAND2_HUMAN
ENSG00000124444	Q9H609	ZN576_HUMAN
ENSG00000135111	O15119	TBX3_HUMAN
ENSG00000170802	P32314	FOXN2_HUMAN
ENSG00000123685	Q9NR55	BATF3_HUMAN
ENSG00000180884	Q3KQV3	ZN792_HUMAN
ENSG00000227124	Q9BY31	ZN717_HUMAN
ENSG00000124782	Q92766	RREB1_HUMAN
ENSG00000204644	Q9NU63	ZFP57_HUMAN
ENSG00000167491	Q86YP4	P66A_HUMAN
ENSG00000172493	P51825	AFF1_HUMAN
ENSG00000166529	Q9Y5A6	ZSC21_HUMAN
ENSG00000175879	P13378	HXD8_HUMAN
ENSG00000173253	Q9Y5R5	DMRT2_HUMAN
ENSG00000125813	P15863	PAX1_HUMAN
ENSG00000186660	Q96JP5	ZFP91_HUMAN
ENSG00000168661	P17039	ZNF30_HUMAN
ENSG00000135625	Q05215	EGR4_HUMAN
ENSG00000006468	P50549	ETV1_HUMAN
ENSG00000197123	Q8IYX0	ZN679_HUMAN
ENSG00000196428	O75157	T22D2_HUMAN
ENSG00000130856	Q9UL36	ZN236_HUMAN
ENSG00000181472	Q8N680	ZBTB2_HUMAN
ENSG00000109685	O96028	NSD2_HUMAN
ENSG00000122180	P15173	MYOG_HUMAN
ENSG00000143995	O00470	MEIS1_HUMAN
ENSG00000169740	P17041	ZNF32_HUMAN
ENSG00000108511	P17509	HXB6_HUMAN
ENSG00000186790	Q13461	FOXE3_HUMAN
ENSG00000006704	Q9UHL9	GT2D1_HUMAN
ENSG00000178386	Q9UK11	ZN223_HUMAN
ENSG00000164438	O43711	TLX3_HUMAN
ENSG00000164379	Q9C009	FOXQ1_HUMAN
ENSG00000156150	O95076	ALX3_HUMAN
ENSG00000102804	Q15714	T22D1_HUMAN
ENSG00000106004	P20719	HXA5_HUMAN
ENSG00000080298	P48380	RFX3_HUMAN
ENSG00000139515	P52945	PDX1_HUMAN
ENSG00000126767	P19419	ELK1_HUMAN
ENSG00000205903	A6NFI3	ZN316_HUMAN
ENSG00000090612	Q14587	ZN268_HUMAN
ENSG00000129194	O60248	SOX15_HUMAN
ENSG00000082175	P06401	PRGR_HUMAN
ENSG00000104447	Q9UHF7	TRPS1_HUMAN
ENSG00000103495	P56270	MAZ_HUMAN
ENSG00000148826	Q9C056	NKX62_HUMAN
ENSG00000119508	Q92570	NR4A3_HUMAN
ENSG00000255009	P0CB47	UBFL1_HUMAN
ENSG00000172216	P17676	CEBPB_HUMAN
ENSG00000169131	O60765	Z354A_HUMAN
ENSG00000221869	P49716	CEBPD_HUMAN
ENSG00000176293	P52742	ZN135_HUMAN
ENSG00000119919	Q8TAU0	NKX23_HUMAN
ENSG00000181449	P48431	SOX2_HUMAN
ENSG00000185022	Q9ULX9	MAFF_HUMAN
ENSG00000119574	Q96K62	ZBT45_HUMAN
ENSG00000197808	Q8TAF7	ZN461_HUMAN
ENSG00000167182	Q02086	SP2_HUMAN
ENSG00000103199	O60304	ZN500_HUMAN
ENSG00000119715	O95718	ERR2_HUMAN
ENSG00000171291	Q8NDP4	ZN439_HUMAN
ENSG00000106410	O60393	NOBOX_HUMAN
ENSG00000171425	Q9P0T4	ZN581_HUMAN
ENSG00000189190	Q6ZNG1	ZN600_HUMAN
ENSG00000125812	Q9H116	GZF1_HUMAN
ENSG00000278129	P17098	ZNF8_HUMAN
ENSG00000105991	P49639	HXA1_HUMAN
ENSG00000178665	Q8N859	ZN713_HUMAN
ENSG00000196233	Q96JN0	LCOR_HUMAN
ENSG00000112242	O00716	E2F3_HUMAN
ENSG00000137265	Q15306	IRF4_HUMAN
ENSG00000186272	P17021	ZNF17_HUMAN
ENSG00000135638	Q04741	EMX1_HUMAN
ENSG00000198440	Q96ND8	ZN583_HUMAN
ENSG00000167157	Q99811	PRRX2_HUMAN
ENSG00000137270	Q9NP62	GCM1_HUMAN
ENSG00000198517	O60675	MAFK_HUMAN
ENSG00000121297	Q63HK5	TSH3_HUMAN
ENSG00000099326	P28698	MZF1_HUMAN
ENSG00000122386	O95201	RHIT_HUMAN
ENSG00000171161	Q499Z4	ZN672_HUMAN
ENSG00000118495	Q9UM63	PLAL1_HUMAN
ENSG00000258405	Q96N58	ZN578_HUMAN
ENSG00000197497	Q9H7R5	ZN665_HUMAN
ENSG00000101412	Q01094	E2F1_HUMAN
ENSG00000179627	B2RXF5	ZBT42_HUMAN
ENSG00000234444	B4DX44	ZN736_HUMAN
ENSG00000196946	Q6ZN79	Z705A_HUMAN
ENSG00000253293	P31260	HXA10_HUMAN
ENSG00000112182	Q9BYV9	BACH2_HUMAN
ENSG00000198146	Q6IQ21	ZN770_HUMAN
ENSG00000164683	Q9Y5J3	HEY1_HUMAN
ENSG00000083838	Q9NWS9	ZN446_HUMAN
ENSG00000180479	Q7Z3V5	ZN571_HUMAN
ENSG00000111049	P13349	MYF5_HUMAN
ENSG00000106536	P78424	PO6F2_HUMAN
ENSG00000122515	Q8NF64	ZMIZ2_HUMAN
ENSG00000268480	A0A5F9ZHS7	NFILZ_HUMAN
ENSG00000170954	Q09FC8	ZN415_HUMAN
ENSG00000152443	Q68DI1	ZN776_HUMAN
ENSG00000171872	Q5JT82	KLF17_HUMAN
ENSG00000125878	Q12870	TCF15_HUMAN
ENSG00000121406	Q6P9A3	ZN549_HUMAN
ENSG00000166823	Q9BRJ9	MESP1_HUMAN
ENSG00000143194	Q96JY0	MAEL_HUMAN
ENSG00000153814	Q86VZ6	JAZF1_HUMAN
ENSG00000007372	P26367	PAX6_HUMAN
ENSG00000176472	Q86XF7	ZN575_HUMAN
ENSG00000180626	Q96JF6	ZN594_HUMAN
ENSG00000117595	O14896	IRF6_HUMAN
ENSG00000163132	P28360	MSX1_HUMAN
ENSG00000197013	Q86V71	ZN429_HUMAN
ENSG00000250312	Q3SXZ3	ZN718_HUMAN
ENSG00000196247	Q9UII5	ZN107_HUMAN
ENSG00000182568	Q01826	SATB1_HUMAN
ENSG00000101126	Q9H2P0	ADNP_HUMAN
ENSG00000197062	Q16670	ZSC26_HUMAN
ENSG00000072736	Q12968	NFAC3_HUMAN
ENSG00000187098	O75030	MITF_HUMAN
ENSG00000067082	Q99612	KLF6_HUMAN
ENSG00000175832	P43268	ETV4_HUMAN
ENSG00000107175	O43889	CREB3_HUMAN
ENSG00000136535	Q16650	TBR1_HUMAN
ENSG00000059728	Q05195	MAD1_HUMAN
ENSG00000197037	Q6NSZ9	ZSC25_HUMAN
ENSG00000164256	Q9NQV7	PRDM9_HUMAN
ENSG00000198740	Q9Y2D9	ZN652_HUMAN
ENSG00000175105	Q8IZM8	ZN654_HUMAN
ENSG00000149922	O95947	TBX6_HUMAN
ENSG00000108001	Q9H4W6	COE3_HUMAN
ENSG00000198040	P51523	ZNF84_HUMAN
ENSG00000168874	Q96SQ7	ATOH8_HUMAN
ENSG00000184659	Q8WXT5	FX4L4_HUMAN
ENSG00000169926	Q9Y2Y9	KLF13_HUMAN
ENSG00000225614	Q96JG9	ZN469_HUMAN
ENSG00000236104	O15209	ZBT22_HUMAN
ENSG00000009709	P23759	PAX7_HUMAN
ENSG00000152433	Q8IVP9	ZN547_HUMAN
ENSG00000188171	Q68DY1	ZN626_HUMAN
ENSG00000122145	Q9Y458	TBX22_HUMAN
ENSG00000188868	Q8TA94	ZN563_HUMAN
ENSG00000106031	P31271	HXA13_HUMAN
ENSG00000198342	Q9H7R0	ZN442_HUMAN
ENSG00000184895	Q05066	SRY_HUMAN
ENSG00000189420	A6NM28	ZFP92_HUMAN
ENSG00000105516	Q10586	DBP_HUMAN
ENSG00000004848	Q96QS3	ARX_HUMAN
ENSG00000174306	Q9H4I2	ZHX3_HUMAN
ENSG00000067646	P08048	ZFY_HUMAN
ENSG00000157613	Q96BA8	CR3L1_HUMAN
ENSG00000130182	Q96SZ4	ZSC10_HUMAN
ENSG00000122877	P11161	EGR2_HUMAN
ENSG00000196456	Q96BV0	ZN775_HUMAN
ENSG00000133937	P56915	GSC_HUMAN
ENSG00000125816	Q9H2Z4	NKX24_HUMAN
ENSG00000100968	Q14934	NFAC4_HUMAN
ENSG00000130584	Q86UZ6	ZBT46_HUMAN
ENSG00000174963	Q8N9L1	ZIC4_HUMAN
ENSG00000068305	Q02078	MEF2A_HUMAN
ENSG00000125968	P41134	ID1_HUMAN
ENSG00000104804	O00295	TULP2_HUMAN
ENSG00000174197	Q8IWI9	MGAP_HUMAN
ENSG00000101057	P10244	MYBB_HUMAN
ENSG00000166704	Q8WXB4	ZN606_HUMAN
ENSG00000130338	Q9NRJ4	TULP4_HUMAN
ENSG00000102145	P15976	GATA1_HUMAN
ENSG00000189299	Q6PJQ5	FOXR2_HUMAN
ENSG00000106546	P35869	AHR_HUMAN
ENSG00000120093	P14651	HXB3_HUMAN
ENSG00000159882	Q9UIE0	ZN230_HUMAN
ENSG00000185630	P40424	PBX1_HUMAN
ENSG00000057935	Q9BTC8	MTA3_HUMAN
ENSG00000110925	Q9H175	CSRN2_HUMAN
ENSG00000177494	Q9BTP6	ZBED2_HUMAN
ENSG00000143257	Q14994	NR1I3_HUMAN
ENSG00000170653	P17544	ATF7_HUMAN
ENSG00000205189	Q96DT7	ZBT10_HUMAN
ENSG00000198453	Q3ZCX4	ZN568_HUMAN
ENSG00000131845	Q9HCX3	ZN304_HUMAN
ENSG00000189164	Q8NB42	ZN527_HUMAN
ENSG00000186766	Q6ZQN5	FOXI2_HUMAN
ENSG00000155966	P51816	AFF2_HUMAN
ENSG00000160336	Q86XN6	ZN761_HUMAN
ENSG00000169955	Q9BV97	ZN747_HUMAN
ENSG00000105419	Q99687	MEIS3_HUMAN
ENSG00000116819	Q6VUC0	AP2E_HUMAN
ENSG00000163497	Q99581	FEV_HUMAN
ENSG00000180806	P31274	HXC9_HUMAN
ENSG00000165512	P17026	ZNF22_HUMAN
ENSG00000174738	Q14995	NR1D2_HUMAN
ENSG00000261221	P0CJ78	ZN865_HUMAN
ENSG00000083817	Q9BWM5	ZN416_HUMAN
ENSG00000105698	Q15853	USF2_HUMAN
ENSG00000052850	Q9H161	ALX4_HUMAN
ENSG00000124092	Q8NI51	CTCFL_HUMAN
ENSG00000179528	Q6XYB7	LBX2_HUMAN
ENSG00000139800	Q96T25	ZIC5_HUMAN
ENSG00000197782	O75290	Z780A_HUMAN
ENSG00000122592	P31268	HXA7_HUMAN
ENSG00000218891	Q8NAF0	ZN579_HUMAN
ENSG00000139613	Q8TAQ2	SMRC2_HUMAN
ENSG00000167081	P40426	PBX3_HUMAN
ENSG00000171540	Q5XKR4	OTP_HUMAN
ENSG00000164458	O15178	TBXT_HUMAN
ENSG00000083814	Q8TAW3	ZN671_HUMAN
ENSG00000215372	A8MUZ8	Z705G_HUMAN
ENSG00000065978	P67809	YBOX1_HUMAN
ENSG00000243943	Q96ME7	ZN512_HUMAN
ENSG00000067955	Q13951	PEBB_HUMAN
ENSG00000178177	Q8N3X6	LCORL_HUMAN
ENSG00000168062	Q8N1L9	BATF2_HUMAN
ENSG00000284484	A0A1W2PPK0	CPHL2_HUMAN
ENSG00000167555	Q3MIS6	ZN528_HUMAN
ENSG00000073584	Q969G3	SMCE1_HUMAN
ENSG00000170100	Q96MU6	ZN778_HUMAN
ENSG00000120784	Q9Y2G7	ZFP30_HUMAN
ENSG00000111424	P11473	VDR_HUMAN
ENSG00000229676	Q9P255	ZN492_HUMAN
ENSG00000158055	Q8TE85	GRHL3_HUMAN
ENSG00000157657	Q5T7W0	ZN618_HUMAN
ENSG00000197302	Q7Z2F6	KRBX5_HUMAN
ENSG00000205899	Q7RTU4	BHA09_HUMAN
ENSG00000176679	Q8IUE0	TF2LY_HUMAN
ENSG00000168813	Q8TCN5	ZN507_HUMAN
ENSG00000120669	Q9NX45	SOLH2_HUMAN
ENSG00000089225	Q99593	TBX5_HUMAN
ENSG00000112033	Q03181	PPARD_HUMAN
ENSG00000170561	Q9BZI1	IRX2_HUMAN
ENSG00000089486	Q9H305	CDIP1_HUMAN
ENSG00000198315	Q15776	ZKSC8_HUMAN
ENSG00000166716	Q92610	ZN592_HUMAN
ENSG00000178150	Q8NC26	ZN114_HUMAN
ENSG00000087510	Q92754	AP2C_HUMAN
ENSG00000141956	P57071	PRD15_HUMAN
ENSG00000183621	Q7Z4V0	ZN438_HUMAN
ENSG00000213015	Q9UK33	ZN580_HUMAN
ENSG00000029153	Q8WYA1	BMAL2_HUMAN
ENSG00000171163	Q9BU19	ZN692_HUMAN
ENSG00000260027	P09629	HXB7_HUMAN
ENSG00000256771	O75346	ZN253_HUMAN
ENSG00000106459	Q16656	NRF1_HUMAN
ENSG00000176542	Q68DE3	USF3_HUMAN
ENSG00000180818	Q9NYD6	HXC10_HUMAN
ENSG00000130751	Q99742	NPAS1_HUMAN
ENSG00000079432	Q96RK0	CIC_HUMAN
ENSG00000118156	Q9H0D2	ZN541_HUMAN
ENSG00000185551	P24468	COT2_HUMAN
ENSG00000142528	Q8WTR7	ZN473_HUMAN
ENSG00000158805	Q8N554	ZN276_HUMAN
ENSG00000140262	Q99081	HTF4_HUMAN
ENSG00000175322	Q8TB69	ZN519_HUMAN
ENSG00000121417	Q13398	ZN211_HUMAN
ENSG00000146587	Q9NYW8	RBAK_HUMAN
ENSG00000187626	Q969J2	ZKSC4_HUMAN
ENSG00000198046	Q5HYK9	ZN667_HUMAN
ENSG00000173404	Q01101	INSM1_HUMAN
ENSG00000197050	Q8TAQ5	ZN420_HUMAN
ENSG00000185404	Q9H930	SP14L_HUMAN
ENSG00000166860	O15060	ZBT39_HUMAN
ENSG00000101883	Q8NHV9	RHXF1_HUMAN
ENSG00000241149	A0A1W2PQL4	ZN722_HUMAN
ENSG00000197714	Q14592	ZN460_HUMAN
ENSG00000078246	O75386	TULP3_HUMAN
ENSG00000181965	Q92886	NGN1_HUMAN
ENSG00000257591	Q96I27	ZN625_HUMAN
ENSG00000139445	Q96NZ1	FOXN4_HUMAN
ENSG00000178764	Q9Y6X8	ZHX2_HUMAN
ENSG00000161642	Q96PM9	Z385A_HUMAN
ENSG00000039600	O94993	SOX30_HUMAN
ENSG00000141568	Q01167	FOXK2_HUMAN
ENSG00000197343	Q8N720	ZN655_HUMAN
ENSG00000163848	Q9UQR1	ZN148_HUMAN
ENSG00000197779	P51508	ZNF81_HUMAN
ENSG00000184436	Q9BT49	THAP7_HUMAN
ENSG00000188033	Q9ULM2	ZN490_HUMAN
ENSG00000186103	A6NJG6	ARGFX_HUMAN
ENSG00000130684	Q9Y3M9	ZN337_HUMAN
ENSG00000111206	Q08050	FOXM1_HUMAN
ENSG00000063587	Q9NSD4	ZN275_HUMAN
ENSG00000127124	Q5T1R4	ZEP3_HUMAN
ENSG00000170448	Q6ZNB6	NFXL1_HUMAN
ENSG00000112238	Q9H4Q3	PRD13_HUMAN
ENSG00000198466	Q96SQ5	ZN587_HUMAN
ENSG00000267508	Q96NJ3	ZN285_HUMAN
ENSG00000177030	O75398	DEAF1_HUMAN
ENSG00000172238	Q92858	ATOH1_HUMAN
ENSG00000181450	Q5SXM1	ZN678_HUMAN
ENSG00000130700	Q9BWX5	GATA5_HUMAN
ENSG00000005436	P16383	GCFC2_HUMAN
ENSG00000159556	Q96A47	ISL2_HUMAN
ENSG00000198093	Q9BS31	ZN649_HUMAN
ENSG00000204604	Q5VIY5	ZN468_HUMAN
ENSG00000204531	Q01860	PO5F1_HUMAN
ENSG00000177551	Q02577	HEN2_HUMAN
ENSG00000175329	Q2M1V0	ISX_HUMAN
ENSG00000111704	Q9H9S0	NANOG_HUMAN
ENSG00000162676	Q99684	GFI1_HUMAN
ENSG00000179361	Q8IVW6	ARI3B_HUMAN
ENSG00000066422	O95625	ZBT11_HUMAN
ENSG00000070476	Q2QGD7	ZXDC_HUMAN
ENSG00000137492	O43422	P52K_HUMAN
ENSG00000169840	Q9H4S2	GSX1_HUMAN
ENSG00000126456	Q14653	IRF3_HUMAN
ENSG00000188295	Q96BR6	ZN669_HUMAN
ENSG00000180938	Q7Z3I7	ZN572_HUMAN
ENSG00000167074	Q10587	TEF_HUMAN
ENSG00000115297	O43763	TLX2_HUMAN
ENSG00000196150	P15622	ZN250_HUMAN
ENSG00000183434	Q5H9I0	TFDP3_HUMAN
ENSG00000054598	Q12948	FOXC1_HUMAN
ENSG00000172819	P13631	RARG_HUMAN
ENSG00000120837	P25208	NFYB_HUMAN
ENSG00000196812	Q9H4T2	ZSC16_HUMAN
ENSG00000083844	O43296	ZN264_HUMAN
ENSG00000112041	O00294	TULP1_HUMAN
ENSG00000198911	Q12772	SRBP2_HUMAN
ENSG00000136870	O75820	ZN189_HUMAN
ENSG00000213928	Q00978	IRF9_HUMAN
ENSG00000120738	P18146	EGR1_HUMAN
ENSG00000198182	Q96SK3	ZN607_HUMAN
ENSG00000196387	P52738	ZN140_HUMAN
ENSG00000064195	O60479	DLX3_HUMAN
ENSG00000164048	Q86UQ0	ZN589_HUMAN
ENSG00000172000	Q9HAH1	ZN556_HUMAN
ENSG00000019549	O43623	SNAI2_HUMAN
ENSG00000196466	Q96GE5	ZN799_HUMAN
ENSG00000160908	Q53GI3	ZN394_HUMAN
ENSG00000196646	P52737	ZN136_HUMAN
ENSG00000251493	Q16676	FOXD1_HUMAN
ENSG00000185670	Q9H5J0	ZBTB3_HUMAN
ENSG00000074657	Q9HCE3	ZN532_HUMAN
ENSG00000118922	Q9Y4X4	KLF12_HUMAN
ENSG00000033800	O75925	PIAS1_HUMAN
ENSG00000198429	Q9UC07	ZNF69_HUMAN
ENSG00000144331	Q569K4	Z385B_HUMAN
ENSG00000189180	Q06730	ZN33A_HUMAN
ENSG00000176083	Q8IZ20	ZN683_HUMAN
ENSG00000168267	Q7RTS3	PTF1A_HUMAN
ENSG00000167981	Q96LX8	ZN597_HUMAN
ENSG00000186564	O60548	FOXD2_HUMAN
ENSG00000151615	Q12837	PO4F2_HUMAN
ENSG00000168214	Q06330	SUH_HUMAN
ENSG00000072310	P36956	SRBP1_HUMAN
ENSG00000163508	O95936	EOMES_HUMAN
ENSG00000151702	Q01543	FLI1_HUMAN
ENSG00000147596	Q9GZV8	PRD14_HUMAN
ENSG00000248483	Q8N7G0	PO5F2_HUMAN
ENSG00000159915	A6NK53	ZN233_HUMAN
ENSG00000197961	P58317	ZN121_HUMAN
ENSG00000198131	Q6NX49	ZN544_HUMAN
ENSG00000064835	P28069	PIT1_HUMAN
ENSG00000273274	Q8NAP8	ZBT8B_HUMAN
ENSG00000196628	P15884	ITF2_HUMAN
ENSG00000119138	Q13886	KLF9_HUMAN
ENSG00000169856	Q9UBC0	HNF6_HUMAN
ENSG00000181135	Q96C28	ZN707_HUMAN
ENSG00000168269	Q12951	FOXI1_HUMAN
ENSG00000141510	P04637	P53_HUMAN
ENSG00000077150	Q00653	NFKB2_HUMAN
ENSG00000086102	Q12986	NFX1_HUMAN
ENSG00000125398	P48436	SOX9_HUMAN
ENSG00000182158	Q70SY1	CR3L2_HUMAN
ENSG00000233757	A0A087WUV0	ZN892_HUMAN
ENSG00000108064	Q00059	TFAM_HUMAN
ENSG00000125945	Q9C0F3	ZN436_HUMAN
ENSG00000212993	Q06416	P5F1B_HUMAN
ENSG00000197054	Q0D2J5	ZN763_HUMAN
ENSG00000175592	P15407	FOSL1_HUMAN
ENSG00000139651	Q8NDX6	ZN740_HUMAN
ENSG00000177888	Q5SVQ8	ZBT41_HUMAN
ENSG00000204060	A8MYZ6	FOXO6_HUMAN
ENSG00000147180	Q9Y462	ZN711_HUMAN
ENSG00000103460	O15405	TOX3_HUMAN
ENSG00000164736	Q9H6I2	SOX17_HUMAN
ENSG00000151090	P10828	THB_HUMAN
ENSG00000176302	Q6PIV2	FOXR1_HUMAN
ENSG00000152926	Q03924	ZN117_HUMAN
ENSG00000136327	O15522	NKX28_HUMAN
ENSG00000144852	O75469	NR1I2_HUMAN
ENSG00000168610	P40763	STAT3_HUMAN
ENSG00000134852	O15516	CLOCK_HUMAN
ENSG00000121454	Q969G2	LHX4_HUMAN
ENSG00000010539	P98182	ZN200_HUMAN
ENSG00000057657	O75626	PRDM1_HUMAN
ENSG00000179981	Q6ZSZ6	TSH1_HUMAN
ENSG00000205857	Q7Z5D8	NANGN_HUMAN
ENSG00000105392	O43186	CRX_HUMAN
ENSG00000124191	Q96NM4	TOX2_HUMAN
ENSG00000150051	Q8IYA7	MKX_HUMAN
ENSG00000136997	P01106	MYC_HUMAN
ENSG00000184221	Q8TAK6	OLIG1_HUMAN
ENSG00000179774	Q8N100	ATOH7_HUMAN
ENSG00000184486	P20265	PO3F2_HUMAN
ENSG00000188909	Q3C1V8	BSH_HUMAN
ENSG00000178917	Q6ZMS4	ZN852_HUMAN
ENSG00000184635	P35789	ZNF93_HUMAN
ENSG00000186446	Q96CX3	ZN501_HUMAN
ENSG00000177606	P05412	JUN_HUMAN
ENSG00000113658	Q99717	SMAD5_HUMAN
ENSG00000110693	P35712	SOX6_HUMAN
ENSG00000263001	P78347	GTF2I_HUMAN
ENSG00000144655	Q96S65	CSRN1_HUMAN
ENSG00000134438	Q9Y2V3	RX_HUMAN
ENSG00000187855	Q6XD76	ASCL4_HUMAN
ENSG00000168348	Q96T92	INSM2_HUMAN
ENSG00000102974	P49711	CTCF_HUMAN
ENSG00000168310	P14316	IRF2_HUMAN
ENSG00000172273	Q9BQA5	HINFP_HUMAN
ENSG00000140548	Q8N1W2	ZN710_HUMAN
ENSG00000109851	A6NMT0	DBX1_HUMAN
ENSG00000169635	Q96JB3	HIC2_HUMAN
ENSG00000140968	Q02556	IRF8_HUMAN
ENSG00000160685	O15156	ZBT7B_HUMAN
ENSG00000018869	Q96NG8	ZN582_HUMAN
ENSG00000186448	O14709	ZN197_HUMAN
ENSG00000050344	Q9Y4A8	NF2L3_HUMAN
ENSG00000132010	P17024	ZNF20_HUMAN
ENSG00000124216	O95863	SNAI1_HUMAN
ENSG00000162714	Q96IT1	ZN496_HUMAN
ENSG00000198026	Q9H4Z2	ZN335_HUMAN
ENSG00000077092	P10826	RARB_HUMAN
ENSG00000184517	Q6P2D0	ZFP1_HUMAN
ENSG00000160113	P10588	NR2F6_HUMAN
ENSG00000177045	Q8N196	SIX5_HUMAN
ENSG00000159086	Q9Y5B6	PAXB1_HUMAN
ENSG00000234284	B4DU55	ZN879_HUMAN
ENSG00000196670	Q8NB50	ZFP62_HUMAN
ENSG00000078399	P31269	HXA9_HUMAN
ENSG00000008441	Q14938	NFIX_HUMAN
ENSG00000125618	Q06710	PAX8_HUMAN
ENSG00000159917	Q14590	ZN235_HUMAN
ENSG00000049768	Q9BZS1	FOXP3_HUMAN
ENSG00000150907	Q12778	FOXO1_HUMAN
ENSG00000105610	Q13351	KLF1_HUMAN
ENSG00000048405	Q2TB10	ZN800_HUMAN
ENSG00000178662	Q8WYN3	CSRN3_HUMAN
ENSG00000161551	Q9BSK1	ZN577_HUMAN
ENSG00000186300	Q8NEP9	ZN555_HUMAN
ENSG00000066827	Q9P243	ZFAT_HUMAN
ENSG00000158711	P28324	ELK4_HUMAN
ENSG00000092067	Q15744	CEBPE_HUMAN
ENSG00000177485	Q86T24	KAISO_HUMAN
ENSG00000126351	P10827	THA_HUMAN
ENSG00000179456	Q99592	ZBT18_HUMAN
ENSG00000131115	Q86WZ6	ZN227_HUMAN
ENSG00000185219	P59923	ZN445_HUMAN
ENSG00000119547	O95948	ONEC2_HUMAN
ENSG00000283697	A0A1B0GWH4	HSFX3_HUMAN
ENSG00000125952	P61244	MAX_HUMAN
ENSG00000109906	Q05516	ZBT16_HUMAN
ENSG00000136451	Q14119	VEZF1_HUMAN
ENSG00000188620	A6NHT5	HMX3_HUMAN
ENSG00000185177	Q96JC4	ZN479_HUMAN
ENSG00000204366	Q9Y330	ZBT12_HUMAN
ENSG00000128652	P31249	HXD3_HUMAN
ENSG00000088881	Q9BQW3	COE4_HUMAN
ENSG00000196092	Q02548	PAX5_HUMAN
ENSG00000198482	Q8N4W9	ZN808_HUMAN
ENSG00000186026	Q2VY69	ZN284_HUMAN
ENSG00000278318	Q9UJW7	ZN229_HUMAN
ENSG00000102984	O75541	ZN821_HUMAN
ENSG00000108788	Q9UH92	MLX_HUMAN
ENSG00000185507	Q92985	IRF7_HUMAN
ENSG00000109705	P78367	NKX32_HUMAN
ENSG00000137166	Q8IVH2	FOXP4_HUMAN
ENSG00000116044	Q16236	NF2L2_HUMAN
ENSG00000176160	Q4G112	HSF5_HUMAN
ENSG00000172006	Q86TJ5	ZN554_HUMAN
ENSG00000198105	Q8NDW4	ZN248_HUMAN
ENSG00000251192	Q2M3X9	ZN674_HUMAN
ENSG00000118260	P16220	CREB1_HUMAN
ENSG00000173673	Q5TGS1	HES3_HUMAN
ENSG00000169297	P51843	NR0B1_HUMAN
ENSG00000092203	O94842	TOX4_HUMAN
ENSG00000213676	Q99941	ATF6B_HUMAN
ENSG00000170549	P78414	IRX1_HUMAN
ENSG00000178951	O95365	ZBT7A_HUMAN
ENSG00000188994	O60281	ZN292_HUMAN
ENSG00000139352	P50553	ASCL1_HUMAN
ENSG00000131408	P55055	NR1H2_HUMAN
ENSG00000144218	P51826	AFF3_HUMAN
ENSG00000171116	Q9UBD0	HSFX1_HUMAN
ENSG00000165556	Q99626	CDX2_HUMAN
ENSG00000197213	A6NJL1	ZSA5B_HUMAN
ENSG00000261678	Q9BWW7	SCRT1_HUMAN
ENSG00000126746	Q8TF68	ZN384_HUMAN
ENSG00000186230	O43361	ZN749_HUMAN
ENSG00000169953	Q96LI6	HSFY1_HUMAN
ENSG00000136574	P43694	GATA4_HUMAN
ENSG00000130803	Q96PQ6	ZN317_HUMAN
ENSG00000178860	O60682	MUSC_HUMAN
ENSG00000186951	Q07869	PPARA_HUMAN
ENSG00000170122	Q12950	FOXD4_HUMAN
ENSG00000174428	Q6EKJ0	GTD2B_HUMAN
ENSG00000172687	Q8NE65	ZN738_HUMAN
ENSG00000173757	P51692	STA5B_HUMAN
ENSG00000163884	Q9UIH9	KLF15_HUMAN
ENSG00000127903	Q9Y2P0	ZN835_HUMAN
ENSG00000162367	P17542	TAL1_HUMAN
ENSG00000182141	P17019	ZN708_HUMAN
ENSG00000109132	Q99453	PHX2B_HUMAN
ENSG00000152284	Q9HCS4	TF7L1_HUMAN
ENSG00000137709	Q9UKI9	PO2F3_HUMAN
ENSG00000157514	Q99576	T22D3_HUMAN
ENSG00000153779	Q8IUE1	TF2LX_HUMAN
ENSG00000113580	P04150	GCR_HUMAN
ENSG00000043039	Q9UMQ3	BARX2_HUMAN
ENSG00000170325	Q9NQV6	PRD10_HUMAN
ENSG00000105497	Q9Y473	ZN175_HUMAN
ENSG00000054267	Q4LE39	ARI4B_HUMAN
ENSG00000196458	Q86T29	ZN605_HUMAN
ENSG00000104903	P12980	LYL1_HUMAN
ENSG00000227059	E9PGG2	ANHX_HUMAN
ENSG00000173276	Q9ULJ3	ZBT21_HUMAN
ENSG00000103343	Q15697	ZN174_HUMAN
ENSG00000198455	P98169	ZXDB_HUMAN
ENSG00000170265	Q9UDV7	ZN282_HUMAN
ENSG00000151612	Q17R98	ZN827_HUMAN
ENSG00000179922	Q8NCA9	ZN784_HUMAN
ENSG00000185730	Q9H7X3	ZN696_HUMAN
ENSG00000131264	O14627	CDX4_HUMAN
ENSG00000198081	O43829	ZBT14_HUMAN
ENSG00000009950	Q9NP71	MLXPL_HUMAN
ENSG00000153896	Q96NL3	ZN599_HUMAN
ENSG00000172468	Q96LI6	HSFY1_HUMAN
ENSG00000184828	A1YPR0	ZBT7C_HUMAN
ENSG00000180787	Q96NJ6	ZFP3_HUMAN
ENSG00000109381	Q15723	ELF2_HUMAN
ENSG00000066136	Q13952	NFYC_HUMAN
ENSG00000147118	P17025	ZN182_HUMAN
ENSG00000138136	P52954	LBX1_HUMAN
ENSG00000197576	Q00056	HXA4_HUMAN
ENSG00000041988	Q8WTV1	THAP3_HUMAN
ENSG00000125798	Q9Y261	FOXA2_HUMAN
ENSG00000181007	Q8N141	ZFP82_HUMAN
ENSG00000125285	Q9Y651	SOX21_HUMAN
ENSG00000177463	P49116	NR2C2_HUMAN
ENSG00000187607	Q9HBT8	Z286A_HUMAN
ENSG00000188816	A2RU54	HMX2_HUMAN
ENSG00000204920	Q12901	ZN155_HUMAN
ENSG00000197008	P52744	ZN138_HUMAN
ENSG00000136944	O60663	LMX1B_HUMAN
ENSG00000175727	Q9HAP2	MLXIP_HUMAN
ENSG00000181827	Q2KHR2	RFX7_HUMAN
ENSG00000267680	Q9NZL3	ZN224_HUMAN
ENSG00000083828	Q9NXT0	ZN586_HUMAN
ENSG00000178175	Q8N895	ZN366_HUMAN
ENSG00000177374	Q14526	HIC1_HUMAN
ENSG00000060566	Q68CJ9	CR3L3_HUMAN
ENSG00000204519	Q7Z340	ZN551_HUMAN
ENSG00000008196	Q92481	AP2B_HUMAN
ENSG00000109101	O15353	FOXN1_HUMAN
ENSG00000063515	O15499	GSC2_HUMAN
ENSG00000257923	P39880	CUX1_HUMAN
ENSG00000257923	Q13948	CASP_HUMAN
ENSG00000005513	P57073	SOX8_HUMAN
ENSG00000149136	Q08945	SSRP1_HUMAN
ENSG00000085644	O14771	ZN213_HUMAN
ENSG00000148200	Q15406	NR6A1_HUMAN
ENSG00000214513	A8MTQ0	NOTO_HUMAN
ENSG00000128000	Q9Y6R6	Z780B_HUMAN
ENSG00000067066	P23497	SP100_HUMAN
ENSG00000173451	Q9H0W7	THAP2_HUMAN
ENSG00000088876	Q6P1L6	ZN343_HUMAN
ENSG00000152977	Q15915	ZIC1_HUMAN
ENSG00000139083	P41212	ETV6_HUMAN
ENSG00000172201	P47928	ID4_HUMAN
ENSG00000187792	Q9UC06	ZNF70_HUMAN
ENSG00000203326	Q8N782	ZN525_HUMAN
ENSG00000130675	P50219	MNX1_HUMAN
ENSG00000165643	Q5JUK2	SOLH1_HUMAN
ENSG00000268696	P0DPD5	ZN723_HUMAN
ENSG00000153560	Q9NZI7	UBIP1_HUMAN
ENSG00000130711	Q9H4Q4	PRD12_HUMAN
ENSG00000177311	Q8NAP3	ZBT38_HUMAN
ENSG00000065029	P36508	ZNF76_HUMAN
ENSG00000198839	Q9NRM2	ZN277_HUMAN
ENSG00000096401	Q99459	CDC5L_HUMAN
ENSG00000165030	Q16649	NFIL3_HUMAN
ENSG00000175395	P17030	ZNF25_HUMAN
ENSG00000179965	Q7L3S4	ZN771_HUMAN
ENSG00000108175	Q9ULJ6	ZMIZ1_HUMAN
ENSG00000101076	P41235	HNF4A_HUMAN
ENSG00000100625	Q9UIU6	SIX4_HUMAN
ENSG00000178338	Q96LW1	Z354B_HUMAN
ENSG00000249709	Q8TBZ8	ZN564_HUMAN
ENSG00000152467	Q8NBB4	ZSCA1_HUMAN
ENSG00000174282	Q9P1Z0	ZBTB4_HUMAN
ENSG00000143178	O60806	TBX19_HUMAN
ENSG00000128709	P28356	HXD9_HUMAN
ENSG00000148737	Q9NQB0	TF7L2_HUMAN
ENSG00000197279	P49910	ZN165_HUMAN
ENSG00000198298	Q8NCK3	ZN485_HUMAN
ENSG00000109320	P19838	NFKB1_HUMAN
ENSG00000160224	O43918	AIRE_HUMAN
ENSG00000166454	O43313	ATMIN_HUMAN
ENSG00000113716	Q12766	HMGX3_HUMAN
ENSG00000157429	P17023	ZNF19_HUMAN
ENSG00000256463	Q9BXA9	SALL3_HUMAN
ENSG00000171476	Q9BPY8	HOP_HUMAN
ENSG00000147117	P51786	ZN157_HUMAN
ENSG00000006194	O14978	ZN263_HUMAN
ENSG00000253831	Q6ZN32	ETV3L_HUMAN
ENSG00000138738	Q9NQX1	PRDM5_HUMAN
ENSG00000152804	Q03014	HHEX_HUMAN
ENSG00000173041	Q8NEM1	ZN680_HUMAN
ENSG00000006377	P56179	DLX6_HUMAN
ENSG00000143032	Q9NY43	BARH2_HUMAN
ENSG00000196693	Q06732	ZN33B_HUMAN
ENSG00000188227	Q6ZN11	ZN793_HUMAN
ENSG00000196460	Q6ZV50	RFX8_HUMAN
ENSG00000197647	Q8N7K0	ZN433_HUMAN
ENSG00000169951	Q96H86	ZN764_HUMAN
ENSG00000185122	Q00613	HSF1_HUMAN
ENSG00000184677	Q9NUA8	ZBT40_HUMAN
ENSG00000081059	P36402	TCF7_HUMAN
ENSG00000131849	P52740	ZN132_HUMAN
ENSG00000102349	O95600	KLF8_HUMAN
ENSG00000214336	A8MTJ6	FOXI3_HUMAN
ENSG00000122859	Q9Y4Z2	NGN3_HUMAN
ENSG00000276644	Q9UI36	DACH1_HUMAN
ENSG00000240445	A0A2Z4LIS9	FXO3B_HUMAN
ENSG00000165156	Q9UKY1	ZHX1_HUMAN
ENSG00000177683	Q7Z6K1	THAP5_HUMAN
ENSG00000010030	Q9Y603	ETV7_HUMAN
ENSG00000196267	Q6ZNA1	ZN836_HUMAN
ENSG00000141027	O75376	NCOR1_HUMAN
ENSG00000129911	Q9BXK1	KLF16_HUMAN
ENSG00000132005	P22670	RFX1_HUMAN
ENSG00000055609	Q8NEZ4	KMT2C_HUMAN
ENSG00000169957	Q9H5H4	ZN768_HUMAN
ENSG00000213096	O75437	ZN254_HUMAN
ENSG00000126804	Q9Y2K1	ZBTB1_HUMAN
ENSG00000133794	O00327	BMAL1_HUMAN
ENSG00000141448	Q92908	GATA6_HUMAN
ENSG00000128604	Q13568	IRF5_HUMAN
ENSG00000173875	Q3KP31	ZN791_HUMAN
ENSG00000111783	Q33E94	RFX4_HUMAN
ENSG00000091010	Q15319	PO4F3_HUMAN
ENSG00000105856	O60381	HBP1_HUMAN
ENSG00000233608	Q8WVJ9	TWST2_HUMAN
ENSG00000229809	P0C7X2	ZN688_HUMAN
ENSG00000081386	Q9Y2H8	ZN510_HUMAN
ENSG00000187815	Q49AA0	ZFP69_HUMAN
ENSG00000139154	Q6ZN18	AEBP2_HUMAN
ENSG00000124664	O95238	SPDEF_HUMAN
ENSG00000197372	Q8TD23	ZN675_HUMAN
ENSG00000152475	Q96EG3	ZN837_HUMAN
ENSG00000176887	P35716	SOX11_HUMAN
ENSG00000213020	Q8N823	ZN611_HUMAN
ENSG00000197016	Q6ECI4	ZN470_HUMAN
ENSG00000069667	P35398	RORA_HUMAN
ENSG00000141644	Q9UIS9	MBD1_HUMAN
ENSG00000123307	Q9HD90	NDF4_HUMAN
ENSG00000124613	Q9UJN7	ZN391_HUMAN
ENSG00000071655	O95983	MBD3_HUMAN
ENSG00000124827	O75603	GCM2_HUMAN
ENSG00000204779	Q5VV16	FX4L5_HUMAN
ENSG00000136866	Q9Y6Q3	ZFP37_HUMAN
ENSG00000185947	Q14586	ZN267_HUMAN
ENSG00000125492	Q9BZE3	BARH1_HUMAN
ENSG00000185960	O15266	SHOX_HUMAN
ENSG00000151322	Q8IXF0	NPAS3_HUMAN
ENSG00000197385	A6NHJ4	ZN860_HUMAN
ENSG00000230797	O15391	TYY2_HUMAN
ENSG00000164600	Q96NK8	NDF6_HUMAN
ENSG00000143578	Q8TEY5	CR3L4_HUMAN
ENSG00000169981	P13682	ZNF35_HUMAN
ENSG00000166268	Q96LU7	MRFL_HUMAN
ENSG00000114861	Q9H334	FOXP1_HUMAN
ENSG00000112658	P11831	SRF_HUMAN
ENSG00000245848	P49715	CEBPA_HUMAN
ENSG00000144355	P56177	DLX1_HUMAN
ENSG00000131910	Q15466	NR0B2_HUMAN
ENSG00000116132	P54821	PRRX1_HUMAN
ENSG00000135457	Q12800	TFCP2_HUMAN
ENSG00000100426	O75132	ZBED4_HUMAN
ENSG00000146592	Q02930	CREB5_HUMAN
ENSG00000185669	Q3KNW1	SNAI3_HUMAN
ENSG00000179111	Q9BYE0	HES7_HUMAN
ENSG00000129514	P55317	FOXA1_HUMAN
ENSG00000168286	Q96EK4	THA11_HUMAN
ENSG00000107187	Q9UBR4	LHX3_HUMAN
ENSG00000249961	Q8NA31	TERB1_HUMAN
ENSG00000182903	Q8TF20	ZN721_HUMAN
ENSG00000160094	Q5T0B9	ZN362_HUMAN
ENSG00000197360	A6NK75	ZNF98_HUMAN
ENSG00000102034	Q99607	ELF4_HUMAN
ENSG00000182986	A2RRD8	ZN320_HUMAN
ENSG00000213973	A8MXY4	ZNF99_HUMAN
ENSG00000171786	Q02575	HEN1_HUMAN
ENSG00000197063	O15525	MAFG_HUMAN
ENSG00000101665	O15105	SMAD7_HUMAN
ENSG00000178935	Q9H707	ZN552_HUMAN
ENSG00000198538	P17035	ZNF28_HUMAN
ENSG00000204335	Q6BEB4	SP5_HUMAN
ENSG00000196417	Q7L2R6	ZN765_HUMAN
ENSG00000163795	Q8N8E2	ZN513_HUMAN
ENSG00000149480	O94776	MTA2_HUMAN
ENSG00000123358	P22736	NR4A1_HUMAN
ENSG00000177468	Q7RTU3	OLIG3_HUMAN
ENSG00000157554	P11308	ERG_HUMAN
ENSG00000205927	Q13516	OLIG2_HUMAN
ENSG00000123933	Q14582	MAD4_HUMAN
ENSG00000128645	Q9GZZ0	HXD1_HUMAN
ENSG00000203883	P35713	SOX18_HUMAN
ENSG00000105672	O00321	ETV2_HUMAN
ENSG00000204524	Q5CZA5	ZN805_HUMAN
ENSG00000215343	P0CH99	Z705D_HUMAN
ENSG00000181894	Q86UD4	ZN329_HUMAN
ENSG00000092607	Q96SF7	TBX15_HUMAN
ENSG00000123405	Q16621	NFE2_HUMAN
ENSG00000131848	Q9BUG6	ZSA5A_HUMAN
ENSG00000162419	Q9Y692	GMEB1_HUMAN
ENSG00000196652	Q9Y2L8	ZKSC5_HUMAN
ENSG00000272602	Q8IYB9	ZN595_HUMAN
ENSG00000119725	Q86VK4	ZN410_HUMAN
ENSG00000162992	Q13562	NDF1_HUMAN
ENSG00000164330	Q9UH73	COE1_HUMAN
ENSG00000204231	P28702	RXRB_HUMAN
ENSG00000143355	Q9NQ69	LHX9_HUMAN
ENSG00000117000	Q13129	RLF_HUMAN
ENSG00000178229	Q08ER8	ZN543_HUMAN
ENSG00000257446	C9JN71	ZN878_HUMAN
ENSG00000124813	Q13950	RUNX2_HUMAN
ENSG00000166188	Q9P2F9	ZN319_HUMAN
ENSG00000161298	Q96SR6	ZN382_HUMAN
ENSG00000147421	Q6NT76	HMBX1_HUMAN
ENSG00000087903	P48378	RFX2_HUMAN
ENSG00000162599	Q12857	NFIA_HUMAN
ENSG00000106261	P17029	ZKSC1_HUMAN
ENSG00000182111	A6NP11	ZN716_HUMAN
ENSG00000135100	P20823	HNF1A_HUMAN
ENSG00000170365	Q15797	SMAD1_HUMAN
ENSG00000141646	Q13485	SMAD4_HUMAN
ENSG00000196152	Q15937	ZNF79_HUMAN
ENSG00000165702	Q5VTD9	GFI1B_HUMAN
ENSG00000235109	Q96LW9	ZSC31_HUMAN
ENSG00000143365	P51449	RORG_HUMAN
ENSG00000183770	P58012	FOXL2_HUMAN
ENSG00000187634	Q96NU1	SAM11_HUMAN
ENSG00000196110	Q32M78	ZN699_HUMAN
ENSG00000131196	O95644	NFAC1_HUMAN
ENSG00000149948	P52926	HMGA2_HUMAN
ENSG00000197921	Q5TA89	HES5_HUMAN
ENSG00000204514	B7Z6K7	ZN814_HUMAN
ENSG00000132604	Q15554	TERF2_HUMAN
ENSG00000167766	P51522	ZNF83_HUMAN
ENSG00000174255	P51504	ZNF80_HUMAN
ENSG00000181690	Q6DJT9	PLAG1_HUMAN
ENSG00000062370	Q9UJU3	ZN112_HUMAN
ENSG00000181315	Q6U7Q0	ZN322_HUMAN
ENSG00000176399	Q5VZB9	DMRTA_HUMAN
ENSG00000256087	O94892	ZN432_HUMAN
ENSG00000118620	Q9H8G1	ZN430_HUMAN
ENSG00000189079	Q68CP9	ARID2_HUMAN
ENSG00000188095	Q0VG99	MESP2_HUMAN
ENSG00000172346	Q9Y534	CSDC2_HUMAN
ENSG00000197619	Q8N8J6	ZN615_HUMAN
ENSG00000164749	Q14541	HNF4G_HUMAN
ENSG00000183072	P52952	NKX25_HUMAN
ENSG00000187140	Q9UJU5	FOXD3_HUMAN
ENSG00000188321	Q9BR84	ZN559_HUMAN
ENSG00000198353	P09017	HXC4_HUMAN
ENSG00000164778	P19622	HME2_HUMAN
ENSG00000179909	Q13106	ZN154_HUMAN
ENSG00000096654	Q99676	ZN184_HUMAN
ENSG00000198556	Q5FWF6	ZN789_HUMAN
ENSG00000171649	Q3SY52	ZIK1_HUMAN
ENSG00000176692	Q99958	FOXC2_HUMAN
ENSG00000181638	Q8N8Y5	ZFP41_HUMAN
ENSG00000213988	Q03938	ZNF90_HUMAN
ENSG00000180035	Q96MX3	ZNF48_HUMAN
ENSG00000171940	O75362	ZN217_HUMAN
ENSG00000129535	P54845	NRL_HUMAN
ENSG00000169155	O43298	ZBT43_HUMAN
ENSG00000260596	Q9UBX2	DUX4_HUMAN
ENSG00000169554	O60315	ZEB2_HUMAN
ENSG00000204611	Q08AN1	ZN616_HUMAN
ENSG00000254004	Q3ZCT1	ZN260_HUMAN
ENSG00000166402	P50607	TUB_HUMAN
ENSG00000007866	Q99594	TEAD3_HUMAN
ENSG00000172888	Q6ZSS3	ZN621_HUMAN
ENSG00000070444	Q99583	MNT_HUMAN
ENSG00000069812	Q9Y543	HES2_HUMAN
ENSG00000173153	P11474	ERR1_HUMAN
ENSG00000196705	Q8TF32	ZN431_HUMAN
ENSG00000185697	P10243	MYBA_HUMAN
ENSG00000173068	Q6ZN30	BNC2_HUMAN
ENSG00000110851	Q9UKN5	PRDM4_HUMAN
ENSG00000180535	Q7RTS1	BHA15_HUMAN
ENSG00000112333	Q9Y466	NR2E1_HUMAN
ENSG00000163909	Q9NQ87	HEYL_HUMAN
ENSG00000156273	O14867	BACH1_HUMAN
ENSG00000118526	O43680	TCF21_HUMAN
ENSG00000198715	Q8WWB7	GLMP_HUMAN
ENSG00000182968	O00570	SOX1_HUMAN
ENSG00000172748	Q8TC21	ZN596_HUMAN
ENSG00000215397	Q9NQ03	SCRT2_HUMAN
ENSG00000204103	Q9Y5Q3	MAFB_HUMAN
ENSG00000125533	Q8NDY6	BHE23_HUMAN
ENSG00000129654	Q92949	FOXJ1_HUMAN
ENSG00000127152	Q9C0K0	BC11B_HUMAN
ENSG00000168505	P52951	GBX2_HUMAN
ENSG00000198039	Q14593	ZN273_HUMAN
ENSG00000005801	O14628	ZN195_HUMAN
ENSG00000006047	Q9Y2T7	YBOX2_HUMAN
ENSG00000137504	Q9NS37	ZHANG_HUMAN
ENSG00000197128	Q68DY9	ZN772_HUMAN
ENSG00000100811	P25490	TYY1_HUMAN
ENSG00000116017	Q99856	ARI3A_HUMAN
ENSG00000106852	Q9UPM6	LHX6_HUMAN
ENSG00000186017	Q969W8	ZN566_HUMAN
ENSG00000111087	P08151	GLI1_HUMAN
ENSG00000196391	Q6NX45	ZN774_HUMAN
ENSG00000137090	Q9Y5R6	DMRT1_HUMAN
ENSG00000032219	P29374	ARI4A_HUMAN
ENSG00000123095	Q9C0J9	BHE41_HUMAN
ENSG00000165821	Q9Y467	SALL2_HUMAN
ENSG00000105996	O43364	HXA2_HUMAN
ENSG00000196498	Q9Y618	NCOR2_HUMAN
ENSG00000236609	P0CG23	ZN853_HUMAN
ENSG00000108813	Q92988	DLX4_HUMAN
ENSG00000197587	Q8NFW5	DMBX1_HUMAN
ENSG00000137203	P05549	AP2A_HUMAN
ENSG00000179059	Q96MM3	ZFP42_HUMAN
ENSG00000164631	P17014	ZNF12_HUMAN
ENSG00000161914	Q96CK0	ZN653_HUMAN
ENSG00000173258	Q8TF39	ZN483_HUMAN
ENSG00000143842	Q9UN79	SOX13_HUMAN
ENSG00000152784	Q9NQV8	PRDM8_HUMAN
ENSG00000005073	P31270	HXA11_HUMAN
ENSG00000164920	Q8N2R0	OSR2_HUMAN
ENSG00000173480	Q8TAU3	ZN417_HUMAN
ENSG00000157557	P15036	ETS2_HUMAN
ENSG00000168152	Q9H5L6	THAP9_HUMAN
ENSG00000196132	Q01538	MYT1_HUMAN
ENSG00000149054	Q9UL58	ZN215_HUMAN
ENSG00000109787	P57682	KLF3_HUMAN
ENSG00000132170	P37231	PPARG_HUMAN
ENSG00000118263	O75840	KLF7_HUMAN
ENSG00000214717	O96006	ZBED1_HUMAN
ENSG00000126603	Q9BZE0	GLIS2_HUMAN
ENSG00000173917	P14652	HXB2_HUMAN
ENSG00000197905	Q15561	TEAD4_HUMAN
ENSG00000176009	Q9NQ33	ASCL3_HUMAN
ENSG00000176256	Q8WW32	HMGB4_HUMAN
ENSG00000178187	Q8N9F8	ZN454_HUMAN
ENSG00000164104	P26583	HMGB2_HUMAN
ENSG00000124232	Q9UBG7	RBPJL_HUMAN
ENSG00000115844	Q07687	DLX2_HUMAN
ENSG00000136770	Q96KC8	DNJC1_HUMAN
ENSG00000170374	Q8TDD2	SP7_HUMAN
ENSG00000197124	O95780	ZN682_HUMAN
ENSG00000138795	Q9UJU2	LEF1_HUMAN
ENSG00000178573	O75444	MAF_HUMAN
ENSG00000025434	Q13133	NR1H3_HUMAN
ENSG00000183647	Q6P9A1	ZN530_HUMAN
ENSG00000093167	Q9Y608	LRRF2_HUMAN
ENSG00000213347	Q9BW11	MAD3_HUMAN
ENSG00000182318	P10073	ZSC22_HUMAN
ENSG00000106571	P10071	GLI3_HUMAN
ENSG00000119614	P58304	VSX2_HUMAN
ENSG00000180257	Q0VGE8	ZN816_HUMAN
ENSG00000113916	P41182	BCL6_HUMAN
ENSG00000196453	Q9ULD5	ZN777_HUMAN
ENSG00000105732	Q6ZN55	ZN574_HUMAN
ENSG00000164011	Q5VV52	ZN691_HUMAN
ENSG00000185591	P08047	SP1_HUMAN
ENSG00000126733	Q96NX9	DACH2_HUMAN
ENSG00000159263	Q14190	SIM2_HUMAN
ENSG00000134317	Q9NZI5	GRHL1_HUMAN
ENSG00000197044	Q8N8Z8	ZN441_HUMAN
ENSG00000197566	Q9P2J8	ZN624_HUMAN
ENSG00000123411	Q9H2S9	IKZF4_HUMAN
ENSG00000136169	Q96T68	SETB2_HUMAN
ENSG00000168779	O60902	SHOX2_HUMAN
ENSG00000184058	O43435	TBX1_HUMAN
ENSG00000176371	Q7Z7L9	ZSCA2_HUMAN
ENSG00000146618	Q96RJ6	FER3L_HUMAN
ENSG00000147124	P51814	ZNF41_HUMAN
ENSG00000123364	P31276	HXC13_HUMAN
ENSG00000112246	P81133	SIM1_HUMAN
ENSG00000173039	Q04206	TF65_HUMAN
ENSG00000187772	Q6ZN17	LN28B_HUMAN
ENSG00000140836	Q15911	ZFHX3_HUMAN
ENSG00000171448	Q9HCK0	ZBT26_HUMAN
ENSG00000196967	Q6P3V2	Z585A_HUMAN
ENSG00000181444	Q7Z7K2	ZN467_HUMAN
ENSG00000176946	Q8WY91	THAP4_HUMAN
ENSG00000134107	O14503	BHE40_HUMAN
ENSG00000196724	Q8TF45	ZN418_HUMAN
ENSG00000079263	Q13342	SP140_HUMAN
ENSG00000229544	Q9UD57	NKX12_HUMAN
ENSG00000136367	Q9C0A1	ZFHX2_HUMAN
ENSG00000001167	P23511	NFYA_HUMAN
ENSG00000111249	O14529	CUX2_HUMAN
ENSG00000167785	Q96NG5	ZN558_HUMAN
ENSG00000214022	Q9BWE0	REPI1_HUMAN
ENSG00000131931	Q9NVV9	THAP1_HUMAN
ENSG00000213999	Q02080	MEF2B_HUMAN
ENSG00000101115	Q9UJQ4	SALL4_HUMAN
ENSG00000011590	Q9Y2Y4	ZBT32_HUMAN
ENSG00000083812	O75467	Z324A_HUMAN
ENSG00000102554	Q13887	KLF5_HUMAN
ENSG00000171056	Q9BT81	SOX7_HUMAN
ENSG00000108509	O94983	CMTA2_HUMAN
ENSG00000060138	P16989	YBOX3_HUMAN
ENSG00000106038	P49640	EVX1_HUMAN
ENSG00000120094	P14653	HXB1_HUMAN
ENSG00000105750	Q03923	ZNF85_HUMAN
ENSG00000008083	Q92833	JARD2_HUMAN
ENSG00000167034	Q99801	NKX31_HUMAN
ENSG00000102908	O94916	NFAT5_HUMAN
ENSG00000187801	Q9UJL9	ZF69B_HUMAN
ENSG00000167840	Q9UNY5	ZN232_HUMAN
ENSG00000068323	P19532	TFE3_HUMAN
ENSG00000074047	P10070	GLI2_HUMAN
ENSG00000116035	Q9UIW0	VAX2_HUMAN
ENSG00000183850	Q6ZMV8	ZN730_HUMAN
ENSG00000120693	O15198	SMAD9_HUMAN
ENSG00000204304	P40425	PBX2_HUMAN
ENSG00000169136	Q9Y2D1	ATF5_HUMAN
ENSG00000064218	Q9NQL9	DMRT3_HUMAN
ENSG00000213967	A6NNF4	ZN726_HUMAN
ENSG00000167377	P17027	ZNF23_HUMAN
ENSG00000168795	O15062	ZBTB5_HUMAN
ENSG00000277462	Q9BS34	ZN670_HUMAN
ENSG00000134532	P35711	SOX5_HUMAN
ENSG00000245680	Q52M93	Z585B_HUMAN
ENSG00000170370	Q04743	EMX2_HUMAN
ENSG00000107249	Q8NEA6	GLIS3_HUMAN
ENSG00000165606	A6NNA5	DRGX_HUMAN
ENSG00000135547	Q9UBP5	HEY2_HUMAN
ENSG00000156853	Q96CS4	ZN689_HUMAN
ENSG00000012504	Q96RI1	NR1H4_HUMAN
ENSG00000113387	P53999	TCP4_HUMAN
ENSG00000268041	A0A1W2PQ73	ERFL_HUMAN
ENSG00000141040	Q9HBT7	ZN287_HUMAN
ENSG00000143190	P14859	PO2F1_HUMAN
ENSG00000242852	Q8N972	ZN709_HUMAN
ENSG00000167771	Q8IZ40	RCOR2_HUMAN
ENSG00000142599	Q9P2R6	RERE_HUMAN
ENSG00000111046	P23409	MYF6_HUMAN
ENSG00000115112	Q9NZI6	TF2L1_HUMAN
ENSG00000198160	Q8N108	MIER1_HUMAN
ENSG00000187079	P28347	TEAD1_HUMAN
ENSG00000171970	Q68EA5	ZNF57_HUMAN
ENSG00000114853	Q9UFB7	ZBT47_HUMAN
ENSG00000130544	Q8N988	ZN557_HUMAN
ENSG00000196757	Q9H0M5	ZN700_HUMAN
ENSG00000131759	P10276	RARA_HUMAN
ENSG00000135373	Q9NZC4	EHF_HUMAN
ENSG00000121413	Q8TBC5	ZSC18_HUMAN
ENSG00000185252	Q16587	ZNF74_HUMAN
ENSG00000064933	P54277	PMS1_HUMAN
ENSG00000172262	P52739	ZN131_HUMAN
ENSG00000103449	Q9NSC2	SALL1_HUMAN
ENSG00000180613	Q9BZM3	GSX2_HUMAN
ENSG00000171956	Q99853	FOXB1_HUMAN
ENSG00000204859	P10074	TZAP_HUMAN
ENSG00000184492	Q9NU39	FX4L1_HUMAN
ENSG00000269067	P0DKX0	ZN728_HUMAN
ENSG00000165244	Q7RTV3	ZN367_HUMAN
ENSG00000197841	Q2M3W8	ZN181_HUMAN
ENSG00000076108	Q9UIF9	BAZ2A_HUMAN
ENSG00000197951	Q9NQZ8	ZNF71_HUMAN
ENSG00000172818	O14753	OVOL1_HUMAN
ENSG00000113430	P78413	IRX4_HUMAN
ENSG00000084093	Q13127	REST_HUMAN
ENSG00000196793	Q16600	ZN239_HUMAN
ENSG00000186350	P19793	RXRA_HUMAN
ENSG00000112365	O43167	ZBT24_HUMAN
ENSG00000102870	Q9UEG4	ZN629_HUMAN
ENSG00000180855	Q9Y2A4	ZN443_HUMAN
ENSG00000124831	Q32MZ4	LRRF1_HUMAN
ENSG00000196081	A8MTY0	ZN724_HUMAN
ENSG00000128272	P18848	ATF4_HUMAN
ENSG00000215356	P0CI00	Z705B_HUMAN
ENSG00000205250	Q16254	E2F4_HUMAN
ENSG00000095794	Q03060	CREM_HUMAN
ENSG00000126003	Q9UPG8	PLAL2_HUMAN
ENSG00000256229	Q96H40	ZN486_HUMAN
ENSG00000106331	O43316	PAX4_HUMAN
ENSG00000261787	Q7RTU0	TCF24_HUMAN
ENSG00000174586	Q6ZNH5	ZN497_HUMAN
ENSG00000178919	O00358	FOXE1_HUMAN
ENSG00000283463	A0A1B0GTS1	HSFX4_HUMAN
ENSG00000196378	Q8IZ26	ZNF34_HUMAN
ENSG00000220201	P0C6A0	ZGLP1_HUMAN
ENSG00000188785	Q8NEK5	ZN548_HUMAN
ENSG00000198939	Q6ZN57	ZFP2_HUMAN
ENSG00000213793	P0CJ79	ZN888_HUMAN
ENSG00000177732	O15370	SOX12_HUMAN
ENSG00000173545	Q969S3	ZN622_HUMAN
ENSG00000120068	P17481	HXB8_HUMAN
ENSG00000090447	Q01664	TFAP4_HUMAN
ENSG00000186376	P51815	ZN75D_HUMAN
ENSG00000166478	P52747	ZN143_HUMAN
ENSG00000152439	Q6PK81	ZN773_HUMAN
ENSG00000267041	A8MQ14	ZN850_HUMAN
ENSG00000171817	Q8NDQ6	ZN540_HUMAN
ENSG00000162761	Q8TE12	LMX1A_HUMAN
ENSG00000102878	Q9ULV5	HSF4_HUMAN
ENSG00000071564	P15923	TFE2_HUMAN
ENSG00000169016	O75461	E2F6_HUMAN
ENSG00000166526	P17036	ZNF3_HUMAN
ENSG00000169946	Q8WW38	FOG2_HUMAN
ENSG00000119042	Q9UPW6	SATB2_HUMAN
ENSG00000176165	P55316	FOXG1_HUMAN
ENSG00000144485	Q96HZ4	HES6_HUMAN
ENSG00000204532	A6NGD5	ZSA5C_HUMAN
ENSG00000100105	Q9HBE1	PATZ1_HUMAN
ENSG00000162086	Q96N20	ZN75A_HUMAN
ENSG00000116990	P12524	MYCL_HUMAN
ENSG00000196350	A6NN14	ZN729_HUMAN
ENSG00000117625	Q9P2K3	RCOR3_HUMAN
ENSG00000163435	P78545	ELF3_HUMAN
ENSG00000154957	P17022	ZNF18_HUMAN
ENSG00000197362	Q8N393	ZN786_HUMAN
ENSG00000142556	Q8N883	ZN614_HUMAN
ENSG00000167800	O75333	TBX10_HUMAN
ENSG00000223614	P0CB33	ZN735_HUMAN
ENSG00000181666	P10072	ZN875_HUMAN
ENSG00000101216	Q9UKD1	GMEB2_HUMAN
ENSG00000171469	Q8N587	ZN561_HUMAN
ENSG00000197472	Q8IW36	ZN695_HUMAN
ENSG00000250571	P10075	GLI4_HUMAN
ENSG00000095951	P15822	ZEP1_HUMAN
ENSG00000274349	Q5TYW1	ZN658_HUMAN
ENSG00000105229	Q8N2W9	PIAS4_HUMAN
ENSG00000107807	P31314	TLX1_HUMAN
ENSG00000185668	Q03052	PO3F1_HUMAN
ENSG00000135899	Q9HB58	SP110_HUMAN
ENSG00000151623	P08235	MCR_HUMAN
ENSG00000189403	P09429	HMGB1_HUMAN
ENSG00000251247	Q14585	ZN345_HUMAN
ENSG00000075891	Q02962	PAX2_HUMAN
ENSG00000183734	Q99929	ASCL2_HUMAN
ENSG00000105708	P17017	ZNF14_HUMAN
ENSG00000198846	O94900	TOX_HUMAN
ENSG00000189298	Q9BRR0	ZKSC3_HUMAN
ENSG00000197483	Q5EBL2	ZN628_HUMAN
ENSG00000177599	Q8N8L2	ZN491_HUMAN
ENSG00000122691	Q15672	TWST1_HUMAN
ENSG00000156925	O60481	ZIC3_HUMAN
ENSG00000148143	Q96JM2	ZN462_HUMAN
ENSG00000166888	P42226	STAT6_HUMAN
ENSG00000113722	P47902	CDX1_HUMAN
ENSG00000124097	B2RPK0	HGB1A_HUMAN
ENSG00000282757	A0A1W2PPF3	DUXB_HUMAN
ENSG00000165588	P32243	OTX2_HUMAN
ENSG00000255192	Q6NSW7	NANP8_HUMAN
ENSG00000198795	Q96K83	ZN521_HUMAN
ENSG00000167232	Q05481	ZNF91_HUMAN
ENSG00000177873	Q8N2I2	ZN619_HUMAN
ENSG00000186496	Q96N95	ZN396_HUMAN
ENSG00000130522	P17535	JUND_HUMAN
ENSG00000177426	Q15583	TGIF1_HUMAN
ENSG00000197162	A8K8V0	ZN785_HUMAN
ENSG00000278570	Q9Y5X4	NR2E3_HUMAN
ENSG00000184481	P98177	FOXO4_HUMAN
ENSG00000105967	O14948	TFEC_HUMAN
ENSG00000204947	Q6IV72	ZN425_HUMAN
ENSG00000172789	Q00444	HXC5_HUMAN
ENSG00000117318	Q02535	ID3_HUMAN
ENSG00000189067	Q99732	LITAF_HUMAN
ENSG00000198963	Q92753	RORB_HUMAN
ENSG00000175691	Q15935	ZNF77_HUMAN
ENSG00000167637	Q8N7M2	ZN283_HUMAN
ENSG00000163939	Q86U86	PB1_HUMAN
ENSG00000049618	Q8NFD5	ARI1B_HUMAN
ENSG00000180053	A6NCS4	NKX26_HUMAN
ENSG00000160973	O75593	FOXH1_HUMAN
ENSG00000179772	O43638	FOXS1_HUMAN
ENSG00000053254	O00409	FOXN3_HUMAN
ENSG00000105136	Q96HQ0	ZN419_HUMAN
ENSG00000197935	Q5JNZ3	ZN311_HUMAN
ENSG00000116809	Q13105	ZBT17_HUMAN
ENSG00000108312	P17480	UBF1_HUMAN
ENSG00000275111	Q9BSG1	ZNF2_HUMAN
ENSG00000188283	Q8NA42	ZN383_HUMAN
ENSG00000173275	Q6P9G9	ZN449_HUMAN
ENSG00000175197	P35638	DDIT3_HUMAN
ENSG00000136630	Q14774	HLX_HUMAN
ENSG00000101493	Q92618	ZN516_HUMAN
ENSG00000102935	Q2M1K9	ZN423_HUMAN
ENSG00000147789	P17097	ZNF7_HUMAN
ENSG00000205143	A6NKF2	ARI3C_HUMAN
ENSG00000141905	P08651	NFIC_HUMAN
ENSG00000153048	Q9Y2V2	CHSP1_HUMAN
ENSG00000119950	P50539	MXI1_HUMAN
ENSG00000198176	Q14186	TFDP1_HUMAN
ENSG00000196172	Q96N22	ZN681_HUMAN
ENSG00000143437	P27540	ARNT_HUMAN
ENSG00000269699	Q9NZV7	ZIM2_HUMAN
ENSG00000171827	Q96NI8	ZN570_HUMAN
ENSG00000266265	Q8TD94	KLF14_HUMAN
ENSG00000153879	P53567	CEBPG_HUMAN
ENSG00000198914	P20264	PO3F3_HUMAN
ENSG00000075407	P17032	ZN37A_HUMAN
ENSG00000072364	Q9UHB7	AFF4_HUMAN
ENSG00000258873	A6NLW8	DUXA_HUMAN
ENSG00000204946	Q6ZMS7	ZN783_HUMAN
ENSG00000125846	P52736	ZN133_HUMAN
ENSG00000169083	P10275	ANDR_HUMAN
ENSG00000105261	O00110	OVOL3_HUMAN
ENSG00000167395	O15015	ZN646_HUMAN
ENSG00000169057	P51608	MECP2_HUMAN
ENSG00000029993	O15347	HMGB3_HUMAN
ENSG00000165462	O14813	PHX2A_HUMAN
ENSG00000174332	Q8NBF1	GLIS1_HUMAN
ENSG00000273514	Q3SYB3	FX4L6_HUMAN
ENSG00000153266	Q8TBJ5	FEZF2_HUMAN
ENSG00000125482	Q15361	TTF1_HUMAN
ENSG00000134046	Q9UBB5	MBD2_HUMAN
ENSG00000171443	Q96C55	ZN524_HUMAN
ENSG00000172379	Q9HBZ2	ARNT2_HUMAN
ENSG00000091656	Q86UP3	ZFHX4_HUMAN
ENSG00000069011	P78337	PITX1_HUMAN
ENSG00000154727	Q06546	GABPA_HUMAN
ENSG00000118513	P10242	MYB_HUMAN
ENSG00000198464	Q8WV37	ZN480_HUMAN
ENSG00000141946	Q96PE6	ZIM3_HUMAN
ENSG00000143067	Q5TEC3	ZN697_HUMAN
ENSG00000196867	Q8NHY6	ZFP28_HUMAN
ENSG00000129028	Q9P2Z0	THA10_HUMAN
ENSG00000274529	Q9HB31	SEBOX_HUMAN
ENSG00000164853	A6NJT0	UNC4_HUMAN
ENSG00000196700	Q96KM6	Z512B_HUMAN
ENSG00000147488	O60284	ST18_HUMAN
ENSG00000144026	Q96K75	ZN514_HUMAN
ENSG00000078043	O75928	PIAS2_HUMAN
ENSG00000061455	Q9NQX0	PRDM6_HUMAN
ENSG00000186020	Q6P280	ZN529_HUMAN
ENSG00000116833	O00482	NR5A2_HUMAN
ENSG00000123407	P31275	HXC12_HUMAN
ENSG00000159905	Q9UK13	ZN221_HUMAN
ENSG00000165891	Q96AV8	E2F7_HUMAN
ENSG00000196109	Q8N7Q3	ZN676_HUMAN
ENSG00000005889	P17010	ZFX_HUMAN
ENSG00000175787	Q14929	ZN169_HUMAN
ENSG00000203989	P0C7M4	RHF2B_HUMAN
ENSG00000223547	Q08AG5	ZN844_HUMAN
ENSG00000197024	Q8TD17	ZN398_HUMAN
ENSG00000170345	P01100	FOS_HUMAN
ENSG00000121068	Q13207	TBX2_HUMAN
ENSG00000011451	O95785	WIZ_HUMAN
ENSG00000115507	P32242	OTX1_HUMAN
ENSG00000244405	P41161	ETV5_HUMAN
ENSG00000117036	P41162	ETV3_HUMAN
ENSG00000161405	Q9UKT9	IKZF3_HUMAN
ENSG00000155592	Q63HK3	ZKSC2_HUMAN
ENSG00000213921	A8MZ59	LEUTX_HUMAN
ENSG00000146757	Q03936	ZNF92_HUMAN
ENSG00000129152	P15172	MYOD1_HUMAN
ENSG00000119608	Q3B8N5	PROX2_HUMAN
ENSG00000007968	Q14209	E2F2_HUMAN
ENSG00000025156	Q03933	HSF2_HUMAN
ENSG00000152192	Q01851	PO4F1_HUMAN
ENSG00000105717	Q9BYU1	PBX4_HUMAN
ENSG00000173011	Q86TJ2	TAD2B_HUMAN
ENSG00000114315	Q14469	HES1_HUMAN
ENSG00000131721	Q9BQY4	RHXF2_HUMAN
ENSG00000135164	Q9Y222	DMTF1_HUMAN
ENSG00000142065	Q9HCL3	ZFP14_HUMAN
ENSG00000020633	Q13761	RUNX3_HUMAN
ENSG00000113196	O96004	HAND1_HUMAN
ENSG00000196345	Q9P0L1	ZKSC7_HUMAN
ENSG00000175213	Q9H9D4	ZN408_HUMAN
ENSG00000164651	Q8IXZ3	SP8_HUMAN
ENSG00000174796	Q8TBB0	THAP6_HUMAN
ENSG00000164532	Q9UMR3	TBX20_HUMAN
ENSG00000078900	O15350	P73_HUMAN
ENSG00000120075	P09067	HXB5_HUMAN
ENSG00000085276	Q03112	MECOM_HUMAN
ENSG00000142409	Q6DD87	ZN787_HUMAN
ENSG00000127528	Q9Y5W3	KLF2_HUMAN
ENSG00000185513	Q9Y468	LMBL1_HUMAN
ENSG00000105997	O43365	HXA3_HUMAN
ENSG00000187559	Q6VB84	FX4L3_HUMAN
ENSG00000143867	Q8TAX0	OSR1_HUMAN
ENSG00000123576	Q8N693	ESX1_HUMAN
ENSG00000115568	P52746	ZN142_HUMAN
ENSG00000124459	Q02386	ZNF45_HUMAN
ENSG00000131127	Q15928	ZN141_HUMAN
ENSG00000248767	A0A1W2PRP0	FOXL3_HUMAN
ENSG00000162624	Q68G74	LHX8_HUMAN
ENSG00000263002	Q14588	ZN234_HUMAN
ENSG00000179588	Q8IX07	FOG1_HUMAN
ENSG00000135374	Q9UKW6	ELF5_HUMAN
ENSG00000140382	Q9NP66	HM20A_HUMAN
ENSG00000196482	P62508	ERR3_HUMAN
ENSG00000198633	Q76KX8	ZN534_HUMAN
ENSG00000164916	P85037	FOXK1_HUMAN
ENSG00000187987	Q3MJ62	ZSC23_HUMAN
ENSG00000197134	Q9Y2Q1	ZN257_HUMAN
ENSG00000186130	Q15916	ZBTB6_HUMAN
ENSG00000166925	Q9Y3Q8	T22D4_HUMAN
ENSG00000065970	Q9P0K8	FOXJ2_HUMAN
ENSG00000196843	Q03989	ARI5A_HUMAN
ENSG00000256683	Q9GZX5	ZN350_HUMAN
ENSG00000083307	Q6ISB3	GRHL2_HUMAN
ENSG00000159184	Q92826	HXB13_HUMAN
ENSG00000140987	Q9NX65	ZSC32_HUMAN
ENSG00000196605	Q147U1	ZN846_HUMAN
ENSG00000182759	Q8NHW3	MAFA_HUMAN
ENSG00000197928	Q86XU0	ZN677_HUMAN
ENSG00000089335	Q9NR11	ZN302_HUMAN
ENSG00000167554	Q8N9Z0	ZN610_HUMAN
ENSG00000217236	P0CG40	SP9_HUMAN
ENSG00000198393	P17031	ZNF26_HUMAN
ENSG00000131788	Q9Y6X2	PIAS3_HUMAN
ENSG00000160321	O43345	ZN208_HUMAN
ENSG00000140044	Q8WYK2	JDP2_HUMAN
ENSG00000156127	Q16520	BATF_HUMAN
ENSG00000125347	P10914	IRF1_HUMAN
ENSG00000186487	Q9UL68	MYT1L_HUMAN
ENSG00000128573	O15409	FOXP2_HUMAN
ENSG00000121075	P57082	TBX4_HUMAN
ENSG00000089775	P24278	ZBT25_HUMAN
ENSG00000177932	Q86Y25	Z354C_HUMAN
ENSG00000131914	Q9H9Z2	LN28A_HUMAN
ENSG00000221818	Q9HAK2	COE2_HUMAN
ENSG00000196418	Q15973	ZN124_HUMAN
ENSG00000036549	Q8IYH5	ZZZ3_HUMAN
ENSG00000148704	Q5SQQ9	VAX1_HUMAN
ENSG00000197857	P15621	ZNF44_HUMAN
ENSG00000188786	Q14872	MTF1_HUMAN
ENSG00000100146	P56693	SOX10_HUMAN
ENSG00000152454	Q9Y2P7	ZN256_HUMAN
ENSG00000129173	A0AVK6	E2F8_HUMAN
ENSG00000115738	Q02363	ID2_HUMAN
ENSG00000164093	Q99697	PITX2_HUMAN
ENSG00000174652	Q14584	ZN266_HUMAN
ENSG00000081189	Q06413	MEF2C_HUMAN
ENSG00000129534	Q6P0N0	M18BP_HUMAN
ENSG00000183733	Q6QHK4	FIGLA_HUMAN
ENSG00000106689	P50458	LHX2_HUMAN
ENSG00000112837	O95935	TBX18_HUMAN
ENSG00000101096	Q13469	NFAC2_HUMAN
ENSG00000120798	P13056	NR2C1_HUMAN
ENSG00000144792	Q6AZW8	ZN660_HUMAN
ENSG00000170689	P17482	HXB9_HUMAN
ENSG00000028277	P09086	PO2F2_HUMAN
ENSG00000043355	O95409	ZIC2_HUMAN
ENSG00000197863	Q6PG37	ZN790_HUMAN
ENSG00000167625	Q8TF50	ZN526_HUMAN
ENSG00000116731	Q13029	PRDM2_HUMAN
ENSG00000089116	Q9H2C1	LHX5_HUMAN
ENSG00000140265	Q8IWY8	ZSC29_HUMAN
ENSG00000198816	Q9NW07	ZN358_HUMAN
ENSG00000140009	Q92731	ESR2_HUMAN
ENSG00000100281	Q9UGU5	HMGX4_HUMAN
ENSG00000196597	Q6ZMW2	ZN782_HUMAN
ENSG00000171735	Q9Y6Y1	CMTA1_HUMAN
ENSG00000005102	P50221	MEOX1_HUMAN
ENSG00000179348	P23769	GATA2_HUMAN
ENSG00000215612	Q9NP08	HMX1_HUMAN
ENSG00000251369	Q7Z398	ZN550_HUMAN
ENSG00000170581	P52630	STAT2_HUMAN
ENSG00000138378	Q14765	STAT4_HUMAN
ENSG00000197757	P09630	HXC6_HUMAN
ENSG00000198205	P98168	ZXDA_HUMAN
ENSG00000198300	Q9GZU2	PEG3_HUMAN
ENSG00000196357	Q8N9K5	ZN565_HUMAN
ENSG00000136826	O43474	KLF4_HUMAN
ENSG00000160199	P55347	PKNX1_HUMAN
ENSG00000168875	O95416	SOX14_HUMAN
ENSG00000170178	P35452	HXD12_HUMAN
ENSG00000066336	P17947	SPI1_HUMAN
ENSG00000134323	P04198	MYCN_HUMAN
ENSG00000115966	P15336	ATF2_HUMAN
ENSG00000134954	P14921	ETS1_HUMAN
ENSG00000137273	Q12947	FOXF2_HUMAN
ENSG00000215421	Q9C0G0	ZN407_HUMAN
ENSG00000117010	Q5T5D7	ZN684_HUMAN
ENSG00000122034	Q92664	TF3A_HUMAN
ENSG00000173473	Q92922	SMRC1_HUMAN
ENSG00000120690	P32519	ELF1_HUMAN
ENSG00000162702	Q9Y2X9	ZN281_HUMAN
ENSG00000148516	P37275	ZEB1_HUMAN
ENSG00000283516	A0A1B0GVX0	LITAD_HUMAN
ENSG00000143171	P48443	RXRG_HUMAN
ENSG00000196263	Q9BX82	ZN471_HUMAN
ENSG00000260428	Q7RTU7	SCX_HUMAN
ENSG00000204595	A6NFQ7	DPRX_HUMAN
ENSG00000179943	Q96SL8	FIZ1_HUMAN
ENSG00000073282	Q9H3D4	P63_HUMAN
ENSG00000198597	O15090	ZN536_HUMAN
ENSG00000183309	O75123	ZN623_HUMAN
ENSG00000123388	O43248	HXC11_HUMAN
ENSG00000197933	P16415	ZN823_HUMAN
ENSG00000136931	Q13285	STF1_HUMAN
ENSG00000142611	Q9HAZ2	PRD16_HUMAN
ENSG00000197608	Q6ZN19	ZN841_HUMAN
ENSG00000185610	Q6ZNG2	DBX2_HUMAN
ENSG00000105821	Q99543	DNJC2_HUMAN
ENSG00000153234	P43354	NR4A2_HUMAN
ENSG00000198346	Q6ZN06	ZN813_HUMAN
ENSG00000197937	Q96SE7	ZN347_HUMAN
ENSG00000198028	Q96MR9	ZN560_HUMAN
ENSG00000167380	Q9NYT6	ZN226_HUMAN
ENSG00000188070	C9JLR9	ZFTA_HUMAN
ENSG00000089902	Q9UKL0	RCOR1_HUMAN
ENSG00000189120	Q3SY56	SP6_HUMAN
ENSG00000180318	Q15699	ALX1_HUMAN
ENSG00000198807	P55771	PAX9_HUMAN
ENSG00000030419	Q9UKS7	IKZF2_HUMAN
ENSG00000186812	Q8NF99	ZN397_HUMAN
ENSG00000114439	Q8WY36	BBX_HUMAN
ENSG00000165066	A6NJ46	NKX63_HUMAN
ENSG00000125820	O95096	NKX22_HUMAN
ENSG00000182742	P17483	HXB4_HUMAN
ENSG00000171574	Q8IVC4	ZN584_HUMAN
ENSG00000107859	O75364	PITX3_HUMAN
ENSG00000143373	Q8N1G0	ZN687_HUMAN
ENSG00000166261	O95125	ZN202_HUMAN
ENSG00000143379	Q15047	SETB1_HUMAN
ENSG00000162601	Q5VVJ2	MYSM1_HUMAN
ENSG00000179930	Q5T619	ZN648_HUMAN
ENSG00000118707	Q9GZN2	TGIF2_HUMAN
ENSG00000162924	Q04864	REL_HUMAN
ENSG00000213799	Q96IR2	ZN845_HUMAN
ENSG00000120149	P35548	MSX2_HUMAN
ENSG00000196323	Q8NCP5	ZBT44_HUMAN
ENSG00000174279	Q03828	EVX2_HUMAN
ENSG00000101190	Q9UL49	TCFL5_HUMAN
ENSG00000171223	P17275	JUNB_HUMAN
ENSG00000189144	Q86YE8	ZN573_HUMAN
ENSG00000121864	Q9UID6	ZN639_HUMAN
ENSG00000256223	P21506	ZNF10_HUMAN
ENSG00000147601	P54274	TERF1_HUMAN
ENSG00000182979	Q13330	MTA1_HUMAN
ENSG00000257315	P86452	ZBED6_HUMAN
ENSG00000167528	Q96N77	ZN641_HUMAN
ENSG00000268738	Q9UBD0	HSFX1_HUMAN
ENSG00000163623	P78426	NKX61_HUMAN
ENSG00000186814	Q86W11	ZSC30_HUMAN
ENSG00000185002	Q8HWS3	RFX6_HUMAN
ENSG00000133740	Q15329	E2F5_HUMAN
ENSG00000181220	Q6NUN9	ZN746_HUMAN
ENSG00000155090	Q13118	KLF10_HUMAN
ENSG00000107485	P23771	GATA3_HUMAN
ENSG00000104856	Q01201	RELB_HUMAN
ENSG00000143614	Q8WXI9	P66B_HUMAN
ENSG00000176678	Q12952	FOXL1_HUMAN
ENSG00000204612	Q5VYV0	FOXB2_HUMAN
ENSG00000165495	Q96KN3	PKNX2_HUMAN
ENSG00000084676	Q15788	NCOA1_HUMAN
ENSG00000166211	Q8N5J4	SPIC_HUMAN
ENSG00000119866	Q9H165	BC11A_HUMAN
ENSG00000186777	B4DXR9	ZN732_HUMAN
ENSG00000198169	Q9BRH9	ZN251_HUMAN
ENSG00000125740	P53539	FOSB_HUMAN
ENSG00000115415	P42224	STAT1_HUMAN
ENSG00000130818	Q9BUY5	ZN426_HUMAN
ENSG00000167635	Q15072	OZF_HUMAN
ENSG00000165804	Q9P2Y4	ZN219_HUMAN
ENSG00000186051	Q16559	TAL2_HUMAN
ENSG00000167685	Q8N0Y2	ZN444_HUMAN
ENSG00000131668	Q9HBU1	BARX1_HUMAN
ENSG00000137185	O15535	ZSC9_HUMAN
ENSG00000117707	Q92786	PROX1_HUMAN
ENSG00000105866	Q02446	SP4_HUMAN
ENSG00000182983	Q6ZS27	ZN662_HUMAN
ENSG00000170631	P17020	ZNF16_HUMAN
ENSG00000196268	Q6ZR52	ZN493_HUMAN
ENSG00000117713	O14497	ARI1A_HUMAN
ENSG00000184937	P19544	WT1_HUMAN
ENSG00000142700	Q96SC8	DMTA2_HUMAN
ENSG00000187821	A6NFD8	HELT_HUMAN
ENSG00000131061	Q9BYN7	ZN341_HUMAN
ENSG00000081665	Q5JVG8	ZN506_HUMAN
ENSG00000170260	Q9UDV6	ZN212_HUMAN
ENSG00000170166	P09016	HXD4_HUMAN
ENSG00000159885	Q9UK12	ZN222_HUMAN
ENSG00000179195	Q8N3J9	ZN664_HUMAN
ENSG00000136352	P43699	NKX21_HUMAN
ENSG00000114126	Q14188	TFDP2_HUMAN
ENSG00000179388	Q06889	EGR3_HUMAN
ENSG00000181722	Q9HC78	ZBT20_HUMAN
ENSG00000082641	Q14494	NF2L1_HUMAN
ENSG00000163666	Q9UBX0	HESX1_HUMAN
ENSG00000170485	Q99743	NPAS2_HUMAN
ENSG00000137309	P17096	HMGA1_HUMAN
ENSG00000198551	Q7L945	ZN627_HUMAN
ENSG00000075426	P15408	FOSL2_HUMAN
ENSG00000123636	Q9UIF8	BAZ2B_HUMAN
ENSG00000171606	Q96GC6	ZN274_HUMAN
ENSG00000165684	Q5SXM2	SNPC4_HUMAN
ENSG00000235608	Q15270	NKX11_HUMAN
ENSG00000184302	O95475	SIX6_HUMAN
ENSG00000176024	Q6PF04	ZN613_HUMAN
ENSG00000175325	O75360	PROP1_HUMAN
ENSG00000198554	O75717	WDHD1_HUMAN
ENSG00000118689	O43524	FOXO3_HUMAN
ENSG00000116604	Q14814	MEF2D_HUMAN
ENSG00000125850	Q9BRP0	OVOL2_HUMAN
ENSG00000273706	P48742	LHX1_HUMAN
ENSG00000167967	Q66K89	E4F1_HUMAN
ENSG00000196214	Q5HY98	ZN766_HUMAN
ENSG00000124766	Q06945	SOX4_HUMAN
ENSG00000118217	P18850	ATF6A_HUMAN
ENSG00000198521	P17038	ZNF43_HUMAN
ENSG00000177508	P78415	IRX3_HUMAN
ENSG00000283039	A0A0U1RQI7	KLF18_HUMAN
ENSG00000170608	P55318	FOXA3_HUMAN
ENSG00000108924	Q16534	HLF_HUMAN
ENSG00000197363	Q6ZMY9	ZN517_HUMAN
ENSG00000214029	A8MT65	ZN891_HUMAN
ENSG00000187187	Q86UE3	ZN546_HUMAN
ENSG00000103241	Q12946	FOXF1_HUMAN
ENSG00000145908	Q96RE9	ZN300_HUMAN
ENSG00000112561	P19484	TFEB_HUMAN
ENSG00000159216	Q01196	RUNX1_HUMAN
ENSG00000142025	Q8IXT2	DMRTD_HUMAN
ENSG00000185278	Q5TC79	ZBT37_HUMAN
ENSG00000143390	P48382	RFX5_HUMAN
ENSG00000159387	P78412	IRX6_HUMAN
ENSG00000164900	Q14549	GBX1_HUMAN
ENSG00000283755	A0A1W2PPM1	CPHXL_HUMAN
ENSG00000160062	Q96BR9	ZBT8A_HUMAN
ENSG00000016082	P61371	ISL1_HUMAN
ENSG00000213762	P52741	ZN134_HUMAN
ENSG00000185811	Q13422	IKZF1_HUMAN
ENSG00000180828	Q8NFJ8	BHE22_HUMAN
ENSG00000174576	Q8IUM7	NPAS4_HUMAN
ENSG00000160961	Q96JL9	ZN333_HUMAN
ENSG00000124203	Q5JPB2	ZN831_HUMAN
ENSG00000163064	Q05925	HME1_HUMAN
ENSG00000237440	O75373	ZN737_HUMAN
ENSG00000170684	Q8WUU4	ZN296_HUMAN
ENSG00000037965	P31273	HXC8_HUMAN
ENSG00000126561	P42229	STA5A_HUMAN
ENSG00000155545	Q7Z3K6	MIER3_HUMAN
ENSG00000074219	Q15562	TEAD2_HUMAN
ENSG00000130844	Q9NQX6	ZN331_HUMAN
ENSG00000163792	Q7RTU1	TCF23_HUMAN
ENSG00000128713	P31277	HXD11_HUMAN
ENSG00000172845	Q02447	SP3_HUMAN
ENSG00000275410	P35680	HNF1B_HUMAN
ENSG00000126778	Q15475	SIX1_HUMAN
ENSG00000167562	Q9NV72	ZN701_HUMAN
ENSG00000010818	P31629	ZEP2_HUMAN
ENSG00000149050	Q9UL59	ZN214_HUMAN
ENSG00000135903	P23760	PAX3_HUMAN
ENSG00000151379	A6NI15	MSGN1_HUMAN
ENSG00000170577	Q9NPC8	SIX2_HUMAN
ENSG00000158773	P22415	USF1_HUMAN
ENSG00000127081	Q5JVG2	ZN484_HUMAN
ENSG00000106006	P31267	HXA6_HUMAN
ENSG00000124920	Q9Y2G1	MYRF_HUMAN
ENSG00000172059	O14901	KLF11_HUMAN
ENSG00000100987	Q9NZR4	VSX1_HUMAN
ENSG00000237452	C9JSJ3	MEIOS_HUMAN
ENSG00000197020	Q8IYN0	ZN100_HUMAN
ENSG00000168826	Q6ZSB9	ZBT49_HUMAN
ENSG00000137834	O43541	SMAD6_HUMAN
ENSG00000173976	Q96IS3	RAX2_HUMAN
ENSG00000169594	Q01954	BNC1_HUMAN
ENSG00000129071	O95243	MBD4_HUMAN
ENSG00000188290	Q9HCC6	HES4_HUMAN
ENSG00000167384	Q9UJW8	ZN180_HUMAN
ENSG00000009307	O75534	CSDE1_HUMAN
ENSG00000105880	P56178	DLX5_HUMAN
ENSG00000188629	Q13360	ZN177_HUMAN
ENSG00000147862	O00712	NFIB_HUMAN
ENSG00000008197	Q7Z6R9	AP2D_HUMAN
ENSG00000198185	Q9HCZ1	ZN334_HUMAN
ENSG00000175745	P10589	COT1_HUMAN
ENSG00000100219	P17861	XBP1_HUMAN
ENSG00000221923	Q6PDB4	ZN880_HUMAN
ENSG00000185155	Q9H2W2	MIXL1_HUMAN
ENSG00000143006	Q96MA1	DMRTB_HUMAN
ENSG00000106511	P50222	MEOX2_HUMAN
ENSG00000111145	P41970	ELK3_HUMAN
ENSG00000176842	P78411	IRX5_HUMAN
ENSG00000171466	Q6V9R5	ZN562_HUMAN
ENSG00000138083	O95343	SIX3_HUMAN
ENSG00000162772	P18847	ATF3_HUMAN
ENSG00000158691	O43309	ZSC12_HUMAN
ENSG00000181896	Q8IZC7	ZN101_HUMAN
ENSG00000269343	E7ETH6	Z587B_HUMAN
ENSG00000165259	Q7Z353	HDX_HUMAN
ENSG00000196437	Q5MCW4	ZN569_HUMAN
ENSG00000166949	P84022	SMAD3_HUMAN
ENSG00000175387	Q15796	SMAD2_HUMAN
ENSG00000185869	Q3KNS6	ZN829_HUMAN
ENSG00000171532	Q15784	NDF2_HUMAN
ENSG00000184939	Q8TF47	ZFP90_HUMAN
ENSG00000073861	Q9UL17	TBX21_HUMAN
ENSG00000180532	Q8NAM6	ZSCA4_HUMAN
ENSG00000214652	A8MUV8	ZN727_HUMAN
ENSG00000064961	Q9P0W2	HM20B_HUMAN
ENSG00000020256	Q9NTW7	ZF64B_HUMAN
ENSG00000154655	Q8NA19	LMBL4_HUMAN
ENSG00000095574	Q9H5V7	IKZF5_HUMAN
ENSG00000178403	Q9H2A3	NGN2_HUMAN
ENSG00000171295	Q8IYI8	ZN440_HUMAN
ENSG00000134138	O14770	MEIS2_HUMAN
ENSG00000196275	Q86UP8	GTD2A_HUMAN
ENSG00000150347	Q14865	ARI5B_HUMAN
ENSG00000124496	Q96PN7	TREF1_HUMAN
ENSG00000161277	Q8NA92	THAP8_HUMAN
ENSG00000176222	Q494X3	ZN404_HUMAN
ENSG00000085274	Q9NPC7	MYNN_HUMAN
ENSG00000249471	Q6AW86	Z324B_HUMAN
ENSG00000205922	O60422	ONEC3_HUMAN
ENSG00000124440	Q9Y2N7	HIF3A_HUMAN
ENSG00000091831	P03372	ESR1_HUMAN
ENSG00000196653	Q8TBZ5	ZN502_HUMAN
ENSG00000189042	Q8N184	ZN567_HUMAN
ENSG00000128710	P28358	HXD10_HUMAN
ENSG00000121903	P17040	ZSC20_HUMAN
ENSG00000151650	O95231	VENTX_HUMAN
ENSG00000128610	A0PJY2	FEZF1_HUMAN
ENSG00000167394	Q96K58	ZN668_HUMAN
ENSG00000160229	Q6ZN08	ZNF66_HUMAN
ENSG00000185650	Q07352	TISB_HUMAN
ENSG00000172466	P17028	ZNF24_HUMAN
ENSG00000170949	Q9HCG1	ZN160_HUMAN
ENSG00000221994	Q2M218	ZN630_HUMAN
ENSG00000105722	P50548	ERF_HUMAN
ENSG00000010244	O43670	ZN207_HUMAN
ENSG00000012223	P02788	TRFL_HUMAN
ENSG00000019485	Q9NQV5	PRD11_HUMAN
ENSG00000029363	Q9NYF8	BCLF1_HUMAN
ENSG00000029639	Q8WVM0	TFB1M_HUMAN
ENSG00000056277	Q8ND82	Z280C_HUMAN
ENSG00000059378	Q9H0J9	PAR12_HUMAN
ENSG00000062194	Q86WP2	GPBP1_HUMAN
ENSG00000064490	O14593	RFXK_HUMAN
ENSG00000078403	P55197	AF10_HUMAN
ENSG00000088247	Q92945	FUBP2_HUMAN
ENSG00000100644	Q16665	HIF1A_HUMAN
ENSG00000101544	Q6IQ32	ADNP2_HUMAN
ENSG00000103326	O75808	CAN15_HUMAN
ENSG00000104064	Q06547	GABP1_HUMAN
ENSG00000104177	Q9P2K5	MYEF2_HUMAN
ENSG00000106052	Q86VP1	TAXB1_HUMAN
ENSG00000106948	Q7Z591	AKNA_HUMAN
ENSG00000111269	O60519	CRBL2_HUMAN
ENSG00000115816	Q03701	CEBPZ_HUMAN
ENSG00000115956	P08567	PLEK_HUMAN
ENSG00000116016	Q99814	EPAS1_HUMAN
ENSG00000116560	P23246	SFPQ_HUMAN
ENSG00000116580	Q3T8J9	GON4L_HUMAN
ENSG00000116793	Q9UMS5	PHTF1_HUMAN
ENSG00000117475	Q9H2G9	GO45_HUMAN
ENSG00000120963	Q9Y5V0	ZN706_HUMAN
ENSG00000122778	Q9HCM3	K1549_HUMAN
ENSG00000124201	Q9P2E3	ZNFX1_HUMAN
ENSG00000125520	Q9NR83	S2A4R_HUMAN
ENSG00000125826	Q9BYM8	HOIL1_HUMAN
ENSG00000127337	O95619	YETS4_HUMAN
ENSG00000130940	Q86V15	CASZ1_HUMAN
ENSG00000132024	Q6P1N0	C2D1A_HUMAN
ENSG00000133250	Q96IQ9	ZN414_HUMAN
ENSG00000136936	P23025	XPA_HUMAN
ENSG00000137310	Q9Y242	TCF19_HUMAN
ENSG00000137871	Q6N043	Z280D_HUMAN
ENSG00000138073	Q9HCU5	SEC12_HUMAN
ENSG00000138375	Q9NZC9	SMAL1_HUMAN
ENSG00000138380	Q8N187	CARTF_HUMAN
ENSG00000141002	Q9BQ70	TCF25_HUMAN
ENSG00000141579	Q32MQ0	ZN750_HUMAN
ENSG00000143458	Q8TAK5	GABP2_HUMAN
ENSG00000144747	P82094	TMF1_HUMAN
ENSG00000145220	Q9NX58	LYAR_HUMAN
ENSG00000146676	Q96QR8	PURB_HUMAN
ENSG00000148337	Q9ULV3	CIZ1_HUMAN
ENSG00000148513	Q9BXX3	AN30A_HUMAN
ENSG00000151500	Q9P016	THYN1_HUMAN
ENSG00000152217	Q9Y6X0	SETBP_HUMAN
ENSG00000153207	Q8WYP5	ELYS_HUMAN
ENSG00000156030	Q6PJG2	MDEAS_HUMAN
ENSG00000157259	Q8WUU5	GATD1_HUMAN
ENSG00000159140	P18583	SON_HUMAN
ENSG00000159592	Q9HC44	GPBL1_HUMAN
ENSG00000162664	Q5BKZ1	ZN326_HUMAN
ENSG00000164299	Q9BXG8	SPZ1_HUMAN
ENSG00000164334	A1A519	F170A_HUMAN
ENSG00000164463	Q8IUR6	CRERF_HUMAN
ENSG00000164684	Q6ZNC4	ZN704_HUMAN
ENSG00000165655	Q96F45	ZN503_HUMAN
ENSG00000166349	P15918	RAG1_HUMAN
ENSG00000167085	P35232	PHB1_HUMAN
ENSG00000168769	Q6N021	TET2_HUMAN
ENSG00000168916	Q9ULD9	ZN608_HUMAN
ENSG00000169548	P59817	Z280A_HUMAN
ENSG00000169714	P62633	CNBP_HUMAN
ENSG00000170322	Q6P4R8	NFRKB_HUMAN
ENSG00000171467	Q5VUA4	ZN318_HUMAN
ENSG00000172733	Q9UJV8	PURG_HUMAN
ENSG00000179632	Q9H063	MAF1_HUMAN
ENSG00000180357	O15014	ZN609_HUMAN
ENSG00000184911	Q5HYR2	DMRTC_HUMAN
ENSG00000185129	Q00577	PURA_HUMAN
ENSG00000186416	O15226	NKRF_HUMAN
ENSG00000186918	Q9H8N7	ZN395_HUMAN
ENSG00000188313	O15162	PLS1_HUMAN
ENSG00000197114	Q8N5A5	ZGPAT_HUMAN
ENSG00000198546	Q8NB15	ZN511_HUMAN
ENSG00000198945	Q96JM7	LMBL3_HUMAN
ENSG00000214575	Q9BZB8	CPEB1_HUMAN
ENSG00000243660	B1APH4	ZN487_HUMAN
ENSG00000243678	P22392	NDKB_HUMAN
ENSG00000265763	Q96MN9	ZN488_HUMAN
ENSG00000269502	Q5HYR2	DMRTC_HUMAN
ENSG00000275004	Q86YH2	Z280B_HUMAN
